cell_ontology_class,platform,tissue,leiden_r1_0,n_cells
DN1 thymic pro-T cell,FACS,Kidney,0,0
DN1 thymic pro-T cell,FACS,Kidney,3,0
DN1 thymic pro-T cell,FACS,Kidney,4,0
DN1 thymic pro-T cell,FACS,Kidney,8,0
DN1 thymic pro-T cell,FACS,Kidney,9,0
DN1 thymic pro-T cell,FACS,Kidney,12,0
DN1 thymic pro-T cell,FACS,Kidney,13,0
DN1 thymic pro-T cell,FACS,Kidney,15,0
DN1 thymic pro-T cell,FACS,Kidney,18,0
DN1 thymic pro-T cell,FACS,Kidney,19,0
DN1 thymic pro-T cell,FACS,Kidney,20,0
DN1 thymic pro-T cell,FACS,Kidney,21,0
DN1 thymic pro-T cell,FACS,Kidney,25,0
DN1 thymic pro-T cell,FACS,Kidney,28,0
DN1 thymic pro-T cell,FACS,Kidney,32,0
DN1 thymic pro-T cell,FACS,Kidney,33,0
DN1 thymic pro-T cell,FACS,Kidney,36,0
DN1 thymic pro-T cell,FACS,Kidney,38,0
DN1 thymic pro-T cell,FACS,Kidney,39,0
DN1 thymic pro-T cell,FACS,Kidney,42,0
DN1 thymic pro-T cell,FACS,Kidney,44,0
DN1 thymic pro-T cell,FACS,Kidney,49,0
DN1 thymic pro-T cell,FACS,Kidney,50,0
DN1 thymic pro-T cell,FACS,Kidney,53,0
DN1 thymic pro-T cell,FACS,Kidney,56,0
DN1 thymic pro-T cell,FACS,Limb_Muscle,0,0
DN1 thymic pro-T cell,FACS,Limb_Muscle,3,0
DN1 thymic pro-T cell,FACS,Limb_Muscle,4,0
DN1 thymic pro-T cell,FACS,Limb_Muscle,8,0
DN1 thymic pro-T cell,FACS,Limb_Muscle,9,0
DN1 thymic pro-T cell,FACS,Limb_Muscle,12,0
DN1 thymic pro-T cell,FACS,Limb_Muscle,13,0
DN1 thymic pro-T cell,FACS,Limb_Muscle,15,0
DN1 thymic pro-T cell,FACS,Limb_Muscle,18,0
DN1 thymic pro-T cell,FACS,Limb_Muscle,19,0
DN1 thymic pro-T cell,FACS,Limb_Muscle,20,0
DN1 thymic pro-T cell,FACS,Limb_Muscle,21,0
DN1 thymic pro-T cell,FACS,Limb_Muscle,25,0
DN1 thymic pro-T cell,FACS,Limb_Muscle,28,0
DN1 thymic pro-T cell,FACS,Limb_Muscle,32,0
DN1 thymic pro-T cell,FACS,Limb_Muscle,33,0
DN1 thymic pro-T cell,FACS,Limb_Muscle,36,0
DN1 thymic pro-T cell,FACS,Limb_Muscle,38,0
DN1 thymic pro-T cell,FACS,Limb_Muscle,39,0
DN1 thymic pro-T cell,FACS,Limb_Muscle,42,0
DN1 thymic pro-T cell,FACS,Limb_Muscle,44,0
DN1 thymic pro-T cell,FACS,Limb_Muscle,49,0
DN1 thymic pro-T cell,FACS,Limb_Muscle,50,0
DN1 thymic pro-T cell,FACS,Limb_Muscle,53,0
DN1 thymic pro-T cell,FACS,Limb_Muscle,56,0
DN1 thymic pro-T cell,FACS,Lung,0,0
DN1 thymic pro-T cell,FACS,Lung,3,0
DN1 thymic pro-T cell,FACS,Lung,4,0
DN1 thymic pro-T cell,FACS,Lung,8,0
DN1 thymic pro-T cell,FACS,Lung,9,0
DN1 thymic pro-T cell,FACS,Lung,12,0
DN1 thymic pro-T cell,FACS,Lung,13,0
DN1 thymic pro-T cell,FACS,Lung,15,0
DN1 thymic pro-T cell,FACS,Lung,18,0
DN1 thymic pro-T cell,FACS,Lung,19,0
DN1 thymic pro-T cell,FACS,Lung,20,0
DN1 thymic pro-T cell,FACS,Lung,21,0
DN1 thymic pro-T cell,FACS,Lung,25,0
DN1 thymic pro-T cell,FACS,Lung,28,0
DN1 thymic pro-T cell,FACS,Lung,32,0
DN1 thymic pro-T cell,FACS,Lung,33,0
DN1 thymic pro-T cell,FACS,Lung,36,0
DN1 thymic pro-T cell,FACS,Lung,38,0
DN1 thymic pro-T cell,FACS,Lung,39,0
DN1 thymic pro-T cell,FACS,Lung,42,0
DN1 thymic pro-T cell,FACS,Lung,44,0
DN1 thymic pro-T cell,FACS,Lung,49,0
DN1 thymic pro-T cell,FACS,Lung,50,0
DN1 thymic pro-T cell,FACS,Lung,53,0
DN1 thymic pro-T cell,FACS,Lung,56,0
DN1 thymic pro-T cell,FACS,Mammary_Gland,0,0
DN1 thymic pro-T cell,FACS,Mammary_Gland,3,0
DN1 thymic pro-T cell,FACS,Mammary_Gland,4,0
DN1 thymic pro-T cell,FACS,Mammary_Gland,8,0
DN1 thymic pro-T cell,FACS,Mammary_Gland,9,0
DN1 thymic pro-T cell,FACS,Mammary_Gland,12,0
DN1 thymic pro-T cell,FACS,Mammary_Gland,13,0
DN1 thymic pro-T cell,FACS,Mammary_Gland,15,0
DN1 thymic pro-T cell,FACS,Mammary_Gland,18,0
DN1 thymic pro-T cell,FACS,Mammary_Gland,19,0
DN1 thymic pro-T cell,FACS,Mammary_Gland,20,0
DN1 thymic pro-T cell,FACS,Mammary_Gland,21,0
DN1 thymic pro-T cell,FACS,Mammary_Gland,25,0
DN1 thymic pro-T cell,FACS,Mammary_Gland,28,0
DN1 thymic pro-T cell,FACS,Mammary_Gland,32,0
DN1 thymic pro-T cell,FACS,Mammary_Gland,33,0
DN1 thymic pro-T cell,FACS,Mammary_Gland,36,0
DN1 thymic pro-T cell,FACS,Mammary_Gland,38,0
DN1 thymic pro-T cell,FACS,Mammary_Gland,39,0
DN1 thymic pro-T cell,FACS,Mammary_Gland,42,0
DN1 thymic pro-T cell,FACS,Mammary_Gland,44,0
DN1 thymic pro-T cell,FACS,Mammary_Gland,49,0
DN1 thymic pro-T cell,FACS,Mammary_Gland,50,0
DN1 thymic pro-T cell,FACS,Mammary_Gland,53,0
DN1 thymic pro-T cell,FACS,Mammary_Gland,56,0
DN1 thymic pro-T cell,FACS,Marrow,0,0
DN1 thymic pro-T cell,FACS,Marrow,3,0
DN1 thymic pro-T cell,FACS,Marrow,4,0
DN1 thymic pro-T cell,FACS,Marrow,8,0
DN1 thymic pro-T cell,FACS,Marrow,9,0
DN1 thymic pro-T cell,FACS,Marrow,12,0
DN1 thymic pro-T cell,FACS,Marrow,13,0
DN1 thymic pro-T cell,FACS,Marrow,15,0
DN1 thymic pro-T cell,FACS,Marrow,18,0
DN1 thymic pro-T cell,FACS,Marrow,19,0
DN1 thymic pro-T cell,FACS,Marrow,20,0
DN1 thymic pro-T cell,FACS,Marrow,21,0
DN1 thymic pro-T cell,FACS,Marrow,25,0
DN1 thymic pro-T cell,FACS,Marrow,28,0
DN1 thymic pro-T cell,FACS,Marrow,32,0
DN1 thymic pro-T cell,FACS,Marrow,33,0
DN1 thymic pro-T cell,FACS,Marrow,36,0
DN1 thymic pro-T cell,FACS,Marrow,38,0
DN1 thymic pro-T cell,FACS,Marrow,39,0
DN1 thymic pro-T cell,FACS,Marrow,42,0
DN1 thymic pro-T cell,FACS,Marrow,44,0
DN1 thymic pro-T cell,FACS,Marrow,49,0
DN1 thymic pro-T cell,FACS,Marrow,50,0
DN1 thymic pro-T cell,FACS,Marrow,53,0
DN1 thymic pro-T cell,FACS,Marrow,56,0
DN1 thymic pro-T cell,FACS,Spleen,0,0
DN1 thymic pro-T cell,FACS,Spleen,3,0
DN1 thymic pro-T cell,FACS,Spleen,4,0
DN1 thymic pro-T cell,FACS,Spleen,8,0
DN1 thymic pro-T cell,FACS,Spleen,9,0
DN1 thymic pro-T cell,FACS,Spleen,12,0
DN1 thymic pro-T cell,FACS,Spleen,13,0
DN1 thymic pro-T cell,FACS,Spleen,15,0
DN1 thymic pro-T cell,FACS,Spleen,18,0
DN1 thymic pro-T cell,FACS,Spleen,19,0
DN1 thymic pro-T cell,FACS,Spleen,20,0
DN1 thymic pro-T cell,FACS,Spleen,21,0
DN1 thymic pro-T cell,FACS,Spleen,25,0
DN1 thymic pro-T cell,FACS,Spleen,28,0
DN1 thymic pro-T cell,FACS,Spleen,32,0
DN1 thymic pro-T cell,FACS,Spleen,33,0
DN1 thymic pro-T cell,FACS,Spleen,36,0
DN1 thymic pro-T cell,FACS,Spleen,38,0
DN1 thymic pro-T cell,FACS,Spleen,39,0
DN1 thymic pro-T cell,FACS,Spleen,42,0
DN1 thymic pro-T cell,FACS,Spleen,44,0
DN1 thymic pro-T cell,FACS,Spleen,49,0
DN1 thymic pro-T cell,FACS,Spleen,50,0
DN1 thymic pro-T cell,FACS,Spleen,53,0
DN1 thymic pro-T cell,FACS,Spleen,56,0
DN1 thymic pro-T cell,FACS,Thymus,0,0
DN1 thymic pro-T cell,FACS,Thymus,3,0
DN1 thymic pro-T cell,FACS,Thymus,4,0
DN1 thymic pro-T cell,FACS,Thymus,8,0
DN1 thymic pro-T cell,FACS,Thymus,9,0
DN1 thymic pro-T cell,FACS,Thymus,12,0
DN1 thymic pro-T cell,FACS,Thymus,13,0
DN1 thymic pro-T cell,FACS,Thymus,15,0
DN1 thymic pro-T cell,FACS,Thymus,18,0
DN1 thymic pro-T cell,FACS,Thymus,19,0
DN1 thymic pro-T cell,FACS,Thymus,20,0
DN1 thymic pro-T cell,FACS,Thymus,21,0
DN1 thymic pro-T cell,FACS,Thymus,25,0
DN1 thymic pro-T cell,FACS,Thymus,28,0
DN1 thymic pro-T cell,FACS,Thymus,32,0
DN1 thymic pro-T cell,FACS,Thymus,33,0
DN1 thymic pro-T cell,FACS,Thymus,36,0
DN1 thymic pro-T cell,FACS,Thymus,38,0
DN1 thymic pro-T cell,FACS,Thymus,39,0
DN1 thymic pro-T cell,FACS,Thymus,42,0
DN1 thymic pro-T cell,FACS,Thymus,44,0
DN1 thymic pro-T cell,FACS,Thymus,49,0
DN1 thymic pro-T cell,FACS,Thymus,50,0
DN1 thymic pro-T cell,FACS,Thymus,53,0
DN1 thymic pro-T cell,FACS,Thymus,56,0
DN1 thymic pro-T cell,droplet,Kidney,0,0
DN1 thymic pro-T cell,droplet,Kidney,3,0
DN1 thymic pro-T cell,droplet,Kidney,4,0
DN1 thymic pro-T cell,droplet,Kidney,8,0
DN1 thymic pro-T cell,droplet,Kidney,9,0
DN1 thymic pro-T cell,droplet,Kidney,12,0
DN1 thymic pro-T cell,droplet,Kidney,13,0
DN1 thymic pro-T cell,droplet,Kidney,15,0
DN1 thymic pro-T cell,droplet,Kidney,18,0
DN1 thymic pro-T cell,droplet,Kidney,19,0
DN1 thymic pro-T cell,droplet,Kidney,20,0
DN1 thymic pro-T cell,droplet,Kidney,21,0
DN1 thymic pro-T cell,droplet,Kidney,25,0
DN1 thymic pro-T cell,droplet,Kidney,28,0
DN1 thymic pro-T cell,droplet,Kidney,32,0
DN1 thymic pro-T cell,droplet,Kidney,33,0
DN1 thymic pro-T cell,droplet,Kidney,36,0
DN1 thymic pro-T cell,droplet,Kidney,38,0
DN1 thymic pro-T cell,droplet,Kidney,39,0
DN1 thymic pro-T cell,droplet,Kidney,42,0
DN1 thymic pro-T cell,droplet,Kidney,44,0
DN1 thymic pro-T cell,droplet,Kidney,49,0
DN1 thymic pro-T cell,droplet,Kidney,50,0
DN1 thymic pro-T cell,droplet,Kidney,53,0
DN1 thymic pro-T cell,droplet,Kidney,56,0
DN1 thymic pro-T cell,droplet,Limb_Muscle,0,0
DN1 thymic pro-T cell,droplet,Limb_Muscle,3,0
DN1 thymic pro-T cell,droplet,Limb_Muscle,4,0
DN1 thymic pro-T cell,droplet,Limb_Muscle,8,0
DN1 thymic pro-T cell,droplet,Limb_Muscle,9,0
DN1 thymic pro-T cell,droplet,Limb_Muscle,12,0
DN1 thymic pro-T cell,droplet,Limb_Muscle,13,0
DN1 thymic pro-T cell,droplet,Limb_Muscle,15,0
DN1 thymic pro-T cell,droplet,Limb_Muscle,18,0
DN1 thymic pro-T cell,droplet,Limb_Muscle,19,0
DN1 thymic pro-T cell,droplet,Limb_Muscle,20,0
DN1 thymic pro-T cell,droplet,Limb_Muscle,21,0
DN1 thymic pro-T cell,droplet,Limb_Muscle,25,0
DN1 thymic pro-T cell,droplet,Limb_Muscle,28,0
DN1 thymic pro-T cell,droplet,Limb_Muscle,32,0
DN1 thymic pro-T cell,droplet,Limb_Muscle,33,0
DN1 thymic pro-T cell,droplet,Limb_Muscle,36,0
DN1 thymic pro-T cell,droplet,Limb_Muscle,38,0
DN1 thymic pro-T cell,droplet,Limb_Muscle,39,0
DN1 thymic pro-T cell,droplet,Limb_Muscle,42,0
DN1 thymic pro-T cell,droplet,Limb_Muscle,44,0
DN1 thymic pro-T cell,droplet,Limb_Muscle,49,0
DN1 thymic pro-T cell,droplet,Limb_Muscle,50,0
DN1 thymic pro-T cell,droplet,Limb_Muscle,53,0
DN1 thymic pro-T cell,droplet,Limb_Muscle,56,0
DN1 thymic pro-T cell,droplet,Lung,0,0
DN1 thymic pro-T cell,droplet,Lung,3,0
DN1 thymic pro-T cell,droplet,Lung,4,0
DN1 thymic pro-T cell,droplet,Lung,8,0
DN1 thymic pro-T cell,droplet,Lung,9,0
DN1 thymic pro-T cell,droplet,Lung,12,0
DN1 thymic pro-T cell,droplet,Lung,13,0
DN1 thymic pro-T cell,droplet,Lung,15,0
DN1 thymic pro-T cell,droplet,Lung,18,0
DN1 thymic pro-T cell,droplet,Lung,19,0
DN1 thymic pro-T cell,droplet,Lung,20,0
DN1 thymic pro-T cell,droplet,Lung,21,0
DN1 thymic pro-T cell,droplet,Lung,25,0
DN1 thymic pro-T cell,droplet,Lung,28,0
DN1 thymic pro-T cell,droplet,Lung,32,0
DN1 thymic pro-T cell,droplet,Lung,33,0
DN1 thymic pro-T cell,droplet,Lung,36,0
DN1 thymic pro-T cell,droplet,Lung,38,0
DN1 thymic pro-T cell,droplet,Lung,39,0
DN1 thymic pro-T cell,droplet,Lung,42,0
DN1 thymic pro-T cell,droplet,Lung,44,0
DN1 thymic pro-T cell,droplet,Lung,49,0
DN1 thymic pro-T cell,droplet,Lung,50,0
DN1 thymic pro-T cell,droplet,Lung,53,0
DN1 thymic pro-T cell,droplet,Lung,56,0
DN1 thymic pro-T cell,droplet,Mammary_Gland,0,0
DN1 thymic pro-T cell,droplet,Mammary_Gland,3,0
DN1 thymic pro-T cell,droplet,Mammary_Gland,4,0
DN1 thymic pro-T cell,droplet,Mammary_Gland,8,0
DN1 thymic pro-T cell,droplet,Mammary_Gland,9,0
DN1 thymic pro-T cell,droplet,Mammary_Gland,12,0
DN1 thymic pro-T cell,droplet,Mammary_Gland,13,0
DN1 thymic pro-T cell,droplet,Mammary_Gland,15,0
DN1 thymic pro-T cell,droplet,Mammary_Gland,18,0
DN1 thymic pro-T cell,droplet,Mammary_Gland,19,0
DN1 thymic pro-T cell,droplet,Mammary_Gland,20,0
DN1 thymic pro-T cell,droplet,Mammary_Gland,21,0
DN1 thymic pro-T cell,droplet,Mammary_Gland,25,0
DN1 thymic pro-T cell,droplet,Mammary_Gland,28,0
DN1 thymic pro-T cell,droplet,Mammary_Gland,32,0
DN1 thymic pro-T cell,droplet,Mammary_Gland,33,0
DN1 thymic pro-T cell,droplet,Mammary_Gland,36,0
DN1 thymic pro-T cell,droplet,Mammary_Gland,38,0
DN1 thymic pro-T cell,droplet,Mammary_Gland,39,0
DN1 thymic pro-T cell,droplet,Mammary_Gland,42,0
DN1 thymic pro-T cell,droplet,Mammary_Gland,44,0
DN1 thymic pro-T cell,droplet,Mammary_Gland,49,0
DN1 thymic pro-T cell,droplet,Mammary_Gland,50,0
DN1 thymic pro-T cell,droplet,Mammary_Gland,53,0
DN1 thymic pro-T cell,droplet,Mammary_Gland,56,0
DN1 thymic pro-T cell,droplet,Marrow,0,0
DN1 thymic pro-T cell,droplet,Marrow,3,0
DN1 thymic pro-T cell,droplet,Marrow,4,0
DN1 thymic pro-T cell,droplet,Marrow,8,0
DN1 thymic pro-T cell,droplet,Marrow,9,0
DN1 thymic pro-T cell,droplet,Marrow,12,0
DN1 thymic pro-T cell,droplet,Marrow,13,0
DN1 thymic pro-T cell,droplet,Marrow,15,0
DN1 thymic pro-T cell,droplet,Marrow,18,0
DN1 thymic pro-T cell,droplet,Marrow,19,0
DN1 thymic pro-T cell,droplet,Marrow,20,0
DN1 thymic pro-T cell,droplet,Marrow,21,0
DN1 thymic pro-T cell,droplet,Marrow,25,0
DN1 thymic pro-T cell,droplet,Marrow,28,0
DN1 thymic pro-T cell,droplet,Marrow,32,0
DN1 thymic pro-T cell,droplet,Marrow,33,0
DN1 thymic pro-T cell,droplet,Marrow,36,0
DN1 thymic pro-T cell,droplet,Marrow,38,0
DN1 thymic pro-T cell,droplet,Marrow,39,0
DN1 thymic pro-T cell,droplet,Marrow,42,0
DN1 thymic pro-T cell,droplet,Marrow,44,0
DN1 thymic pro-T cell,droplet,Marrow,49,0
DN1 thymic pro-T cell,droplet,Marrow,50,0
DN1 thymic pro-T cell,droplet,Marrow,53,0
DN1 thymic pro-T cell,droplet,Marrow,56,0
DN1 thymic pro-T cell,droplet,Spleen,0,0
DN1 thymic pro-T cell,droplet,Spleen,3,0
DN1 thymic pro-T cell,droplet,Spleen,4,0
DN1 thymic pro-T cell,droplet,Spleen,8,0
DN1 thymic pro-T cell,droplet,Spleen,9,0
DN1 thymic pro-T cell,droplet,Spleen,12,0
DN1 thymic pro-T cell,droplet,Spleen,13,0
DN1 thymic pro-T cell,droplet,Spleen,15,0
DN1 thymic pro-T cell,droplet,Spleen,18,0
DN1 thymic pro-T cell,droplet,Spleen,19,0
DN1 thymic pro-T cell,droplet,Spleen,20,0
DN1 thymic pro-T cell,droplet,Spleen,21,0
DN1 thymic pro-T cell,droplet,Spleen,25,0
DN1 thymic pro-T cell,droplet,Spleen,28,0
DN1 thymic pro-T cell,droplet,Spleen,32,0
DN1 thymic pro-T cell,droplet,Spleen,33,0
DN1 thymic pro-T cell,droplet,Spleen,36,0
DN1 thymic pro-T cell,droplet,Spleen,38,0
DN1 thymic pro-T cell,droplet,Spleen,39,0
DN1 thymic pro-T cell,droplet,Spleen,42,0
DN1 thymic pro-T cell,droplet,Spleen,44,0
DN1 thymic pro-T cell,droplet,Spleen,49,0
DN1 thymic pro-T cell,droplet,Spleen,50,0
DN1 thymic pro-T cell,droplet,Spleen,53,0
DN1 thymic pro-T cell,droplet,Spleen,56,0
DN1 thymic pro-T cell,droplet,Thymus,0,0
DN1 thymic pro-T cell,droplet,Thymus,3,43
DN1 thymic pro-T cell,droplet,Thymus,4,0
DN1 thymic pro-T cell,droplet,Thymus,8,0
DN1 thymic pro-T cell,droplet,Thymus,9,1
DN1 thymic pro-T cell,droplet,Thymus,12,0
DN1 thymic pro-T cell,droplet,Thymus,13,0
DN1 thymic pro-T cell,droplet,Thymus,15,0
DN1 thymic pro-T cell,droplet,Thymus,18,0
DN1 thymic pro-T cell,droplet,Thymus,19,0
DN1 thymic pro-T cell,droplet,Thymus,20,0
DN1 thymic pro-T cell,droplet,Thymus,21,0
DN1 thymic pro-T cell,droplet,Thymus,25,0
DN1 thymic pro-T cell,droplet,Thymus,28,0
DN1 thymic pro-T cell,droplet,Thymus,32,0
DN1 thymic pro-T cell,droplet,Thymus,33,0
DN1 thymic pro-T cell,droplet,Thymus,36,0
DN1 thymic pro-T cell,droplet,Thymus,38,0
DN1 thymic pro-T cell,droplet,Thymus,39,0
DN1 thymic pro-T cell,droplet,Thymus,42,0
DN1 thymic pro-T cell,droplet,Thymus,44,0
DN1 thymic pro-T cell,droplet,Thymus,49,0
DN1 thymic pro-T cell,droplet,Thymus,50,0
DN1 thymic pro-T cell,droplet,Thymus,53,0
DN1 thymic pro-T cell,droplet,Thymus,56,0
T cell,FACS,Kidney,0,0
T cell,FACS,Kidney,3,0
T cell,FACS,Kidney,4,0
T cell,FACS,Kidney,8,0
T cell,FACS,Kidney,9,0
T cell,FACS,Kidney,12,0
T cell,FACS,Kidney,13,0
T cell,FACS,Kidney,15,0
T cell,FACS,Kidney,18,0
T cell,FACS,Kidney,19,0
T cell,FACS,Kidney,20,0
T cell,FACS,Kidney,21,0
T cell,FACS,Kidney,25,0
T cell,FACS,Kidney,28,0
T cell,FACS,Kidney,32,0
T cell,FACS,Kidney,33,0
T cell,FACS,Kidney,36,0
T cell,FACS,Kidney,38,0
T cell,FACS,Kidney,39,0
T cell,FACS,Kidney,42,0
T cell,FACS,Kidney,44,0
T cell,FACS,Kidney,49,0
T cell,FACS,Kidney,50,0
T cell,FACS,Kidney,53,0
T cell,FACS,Kidney,56,0
T cell,FACS,Limb_Muscle,0,0
T cell,FACS,Limb_Muscle,3,0
T cell,FACS,Limb_Muscle,4,0
T cell,FACS,Limb_Muscle,8,0
T cell,FACS,Limb_Muscle,9,0
T cell,FACS,Limb_Muscle,12,0
T cell,FACS,Limb_Muscle,13,0
T cell,FACS,Limb_Muscle,15,0
T cell,FACS,Limb_Muscle,18,0
T cell,FACS,Limb_Muscle,19,0
T cell,FACS,Limb_Muscle,20,1
T cell,FACS,Limb_Muscle,21,0
T cell,FACS,Limb_Muscle,25,0
T cell,FACS,Limb_Muscle,28,0
T cell,FACS,Limb_Muscle,32,0
T cell,FACS,Limb_Muscle,33,0
T cell,FACS,Limb_Muscle,36,0
T cell,FACS,Limb_Muscle,38,0
T cell,FACS,Limb_Muscle,39,0
T cell,FACS,Limb_Muscle,42,0
T cell,FACS,Limb_Muscle,44,0
T cell,FACS,Limb_Muscle,49,0
T cell,FACS,Limb_Muscle,50,0
T cell,FACS,Limb_Muscle,53,0
T cell,FACS,Limb_Muscle,56,34
T cell,FACS,Lung,0,0
T cell,FACS,Lung,3,0
T cell,FACS,Lung,4,0
T cell,FACS,Lung,8,0
T cell,FACS,Lung,9,0
T cell,FACS,Lung,12,0
T cell,FACS,Lung,13,0
T cell,FACS,Lung,15,0
T cell,FACS,Lung,18,0
T cell,FACS,Lung,19,0
T cell,FACS,Lung,20,0
T cell,FACS,Lung,21,0
T cell,FACS,Lung,25,0
T cell,FACS,Lung,28,0
T cell,FACS,Lung,32,0
T cell,FACS,Lung,33,0
T cell,FACS,Lung,36,0
T cell,FACS,Lung,38,0
T cell,FACS,Lung,39,0
T cell,FACS,Lung,42,0
T cell,FACS,Lung,44,0
T cell,FACS,Lung,49,0
T cell,FACS,Lung,50,0
T cell,FACS,Lung,53,0
T cell,FACS,Lung,56,0
T cell,FACS,Mammary_Gland,0,0
T cell,FACS,Mammary_Gland,3,0
T cell,FACS,Mammary_Gland,4,0
T cell,FACS,Mammary_Gland,8,0
T cell,FACS,Mammary_Gland,9,0
T cell,FACS,Mammary_Gland,12,0
T cell,FACS,Mammary_Gland,13,0
T cell,FACS,Mammary_Gland,15,0
T cell,FACS,Mammary_Gland,18,0
T cell,FACS,Mammary_Gland,19,0
T cell,FACS,Mammary_Gland,20,0
T cell,FACS,Mammary_Gland,21,0
T cell,FACS,Mammary_Gland,25,0
T cell,FACS,Mammary_Gland,28,0
T cell,FACS,Mammary_Gland,32,0
T cell,FACS,Mammary_Gland,33,0
T cell,FACS,Mammary_Gland,36,0
T cell,FACS,Mammary_Gland,38,0
T cell,FACS,Mammary_Gland,39,0
T cell,FACS,Mammary_Gland,42,0
T cell,FACS,Mammary_Gland,44,0
T cell,FACS,Mammary_Gland,49,0
T cell,FACS,Mammary_Gland,50,0
T cell,FACS,Mammary_Gland,53,0
T cell,FACS,Mammary_Gland,56,0
T cell,FACS,Marrow,0,0
T cell,FACS,Marrow,3,0
T cell,FACS,Marrow,4,0
T cell,FACS,Marrow,8,0
T cell,FACS,Marrow,9,0
T cell,FACS,Marrow,12,0
T cell,FACS,Marrow,13,0
T cell,FACS,Marrow,15,0
T cell,FACS,Marrow,18,0
T cell,FACS,Marrow,19,0
T cell,FACS,Marrow,20,0
T cell,FACS,Marrow,21,0
T cell,FACS,Marrow,25,0
T cell,FACS,Marrow,28,0
T cell,FACS,Marrow,32,0
T cell,FACS,Marrow,33,0
T cell,FACS,Marrow,36,0
T cell,FACS,Marrow,38,0
T cell,FACS,Marrow,39,0
T cell,FACS,Marrow,42,0
T cell,FACS,Marrow,44,0
T cell,FACS,Marrow,49,0
T cell,FACS,Marrow,50,0
T cell,FACS,Marrow,53,0
T cell,FACS,Marrow,56,0
T cell,FACS,Spleen,0,0
T cell,FACS,Spleen,3,0
T cell,FACS,Spleen,4,0
T cell,FACS,Spleen,8,0
T cell,FACS,Spleen,9,0
T cell,FACS,Spleen,12,0
T cell,FACS,Spleen,13,0
T cell,FACS,Spleen,15,0
T cell,FACS,Spleen,18,0
T cell,FACS,Spleen,19,0
T cell,FACS,Spleen,20,0
T cell,FACS,Spleen,21,0
T cell,FACS,Spleen,25,0
T cell,FACS,Spleen,28,0
T cell,FACS,Spleen,32,0
T cell,FACS,Spleen,33,0
T cell,FACS,Spleen,36,0
T cell,FACS,Spleen,38,0
T cell,FACS,Spleen,39,0
T cell,FACS,Spleen,42,0
T cell,FACS,Spleen,44,0
T cell,FACS,Spleen,49,0
T cell,FACS,Spleen,50,0
T cell,FACS,Spleen,53,0
T cell,FACS,Spleen,56,0
T cell,FACS,Thymus,0,0
T cell,FACS,Thymus,3,0
T cell,FACS,Thymus,4,0
T cell,FACS,Thymus,8,0
T cell,FACS,Thymus,9,0
T cell,FACS,Thymus,12,0
T cell,FACS,Thymus,13,0
T cell,FACS,Thymus,15,0
T cell,FACS,Thymus,18,0
T cell,FACS,Thymus,19,0
T cell,FACS,Thymus,20,0
T cell,FACS,Thymus,21,0
T cell,FACS,Thymus,25,0
T cell,FACS,Thymus,28,0
T cell,FACS,Thymus,32,0
T cell,FACS,Thymus,33,0
T cell,FACS,Thymus,36,0
T cell,FACS,Thymus,38,0
T cell,FACS,Thymus,39,0
T cell,FACS,Thymus,42,0
T cell,FACS,Thymus,44,0
T cell,FACS,Thymus,49,0
T cell,FACS,Thymus,50,0
T cell,FACS,Thymus,53,0
T cell,FACS,Thymus,56,0
T cell,droplet,Kidney,0,0
T cell,droplet,Kidney,3,0
T cell,droplet,Kidney,4,0
T cell,droplet,Kidney,8,0
T cell,droplet,Kidney,9,0
T cell,droplet,Kidney,12,0
T cell,droplet,Kidney,13,0
T cell,droplet,Kidney,15,0
T cell,droplet,Kidney,18,0
T cell,droplet,Kidney,19,0
T cell,droplet,Kidney,20,0
T cell,droplet,Kidney,21,0
T cell,droplet,Kidney,25,0
T cell,droplet,Kidney,28,0
T cell,droplet,Kidney,32,0
T cell,droplet,Kidney,33,0
T cell,droplet,Kidney,36,0
T cell,droplet,Kidney,38,0
T cell,droplet,Kidney,39,0
T cell,droplet,Kidney,42,0
T cell,droplet,Kidney,44,0
T cell,droplet,Kidney,49,0
T cell,droplet,Kidney,50,0
T cell,droplet,Kidney,53,0
T cell,droplet,Kidney,56,0
T cell,droplet,Limb_Muscle,0,0
T cell,droplet,Limb_Muscle,3,189
T cell,droplet,Limb_Muscle,4,1
T cell,droplet,Limb_Muscle,8,1
T cell,droplet,Limb_Muscle,9,116
T cell,droplet,Limb_Muscle,12,8
T cell,droplet,Limb_Muscle,13,1
T cell,droplet,Limb_Muscle,15,0
T cell,droplet,Limb_Muscle,18,0
T cell,droplet,Limb_Muscle,19,0
T cell,droplet,Limb_Muscle,20,3
T cell,droplet,Limb_Muscle,21,0
T cell,droplet,Limb_Muscle,25,0
T cell,droplet,Limb_Muscle,28,0
T cell,droplet,Limb_Muscle,32,0
T cell,droplet,Limb_Muscle,33,1
T cell,droplet,Limb_Muscle,36,0
T cell,droplet,Limb_Muscle,38,0
T cell,droplet,Limb_Muscle,39,0
T cell,droplet,Limb_Muscle,42,0
T cell,droplet,Limb_Muscle,44,0
T cell,droplet,Limb_Muscle,49,0
T cell,droplet,Limb_Muscle,50,0
T cell,droplet,Limb_Muscle,53,0
T cell,droplet,Limb_Muscle,56,0
T cell,droplet,Lung,0,0
T cell,droplet,Lung,3,237
T cell,droplet,Lung,4,0
T cell,droplet,Lung,8,0
T cell,droplet,Lung,9,5
T cell,droplet,Lung,12,0
T cell,droplet,Lung,13,0
T cell,droplet,Lung,15,0
T cell,droplet,Lung,18,0
T cell,droplet,Lung,19,0
T cell,droplet,Lung,20,4
T cell,droplet,Lung,21,0
T cell,droplet,Lung,25,0
T cell,droplet,Lung,28,0
T cell,droplet,Lung,32,0
T cell,droplet,Lung,33,0
T cell,droplet,Lung,36,0
T cell,droplet,Lung,38,0
T cell,droplet,Lung,39,0
T cell,droplet,Lung,42,0
T cell,droplet,Lung,44,0
T cell,droplet,Lung,49,1
T cell,droplet,Lung,50,0
T cell,droplet,Lung,53,0
T cell,droplet,Lung,56,0
T cell,droplet,Mammary_Gland,0,0
T cell,droplet,Mammary_Gland,3,432
T cell,droplet,Mammary_Gland,4,2
T cell,droplet,Mammary_Gland,8,0
T cell,droplet,Mammary_Gland,9,1266
T cell,droplet,Mammary_Gland,12,0
T cell,droplet,Mammary_Gland,13,0
T cell,droplet,Mammary_Gland,15,0
T cell,droplet,Mammary_Gland,18,10
T cell,droplet,Mammary_Gland,19,0
T cell,droplet,Mammary_Gland,20,34
T cell,droplet,Mammary_Gland,21,0
T cell,droplet,Mammary_Gland,25,0
T cell,droplet,Mammary_Gland,28,0
T cell,droplet,Mammary_Gland,32,0
T cell,droplet,Mammary_Gland,33,0
T cell,droplet,Mammary_Gland,36,2
T cell,droplet,Mammary_Gland,38,0
T cell,droplet,Mammary_Gland,39,0
T cell,droplet,Mammary_Gland,42,1
T cell,droplet,Mammary_Gland,44,0
T cell,droplet,Mammary_Gland,49,3
T cell,droplet,Mammary_Gland,50,0
T cell,droplet,Mammary_Gland,53,0
T cell,droplet,Mammary_Gland,56,0
T cell,droplet,Marrow,0,0
T cell,droplet,Marrow,3,1
T cell,droplet,Marrow,4,0
T cell,droplet,Marrow,8,0
T cell,droplet,Marrow,9,1
T cell,droplet,Marrow,12,0
T cell,droplet,Marrow,13,0
T cell,droplet,Marrow,15,0
T cell,droplet,Marrow,18,0
T cell,droplet,Marrow,19,1
T cell,droplet,Marrow,20,3
T cell,droplet,Marrow,21,0
T cell,droplet,Marrow,25,0
T cell,droplet,Marrow,28,0
T cell,droplet,Marrow,32,0
T cell,droplet,Marrow,33,0
T cell,droplet,Marrow,36,0
T cell,droplet,Marrow,38,0
T cell,droplet,Marrow,39,0
T cell,droplet,Marrow,42,0
T cell,droplet,Marrow,44,0
T cell,droplet,Marrow,49,3
T cell,droplet,Marrow,50,153
T cell,droplet,Marrow,53,0
T cell,droplet,Marrow,56,0
T cell,droplet,Spleen,0,1
T cell,droplet,Spleen,3,1891
T cell,droplet,Spleen,4,1
T cell,droplet,Spleen,8,0
T cell,droplet,Spleen,9,0
T cell,droplet,Spleen,12,0
T cell,droplet,Spleen,13,0
T cell,droplet,Spleen,15,0
T cell,droplet,Spleen,18,0
T cell,droplet,Spleen,19,0
T cell,droplet,Spleen,20,1
T cell,droplet,Spleen,21,0
T cell,droplet,Spleen,25,0
T cell,droplet,Spleen,28,1
T cell,droplet,Spleen,32,0
T cell,droplet,Spleen,33,0
T cell,droplet,Spleen,36,0
T cell,droplet,Spleen,38,0
T cell,droplet,Spleen,39,0
T cell,droplet,Spleen,42,0
T cell,droplet,Spleen,44,0
T cell,droplet,Spleen,49,32
T cell,droplet,Spleen,50,3
T cell,droplet,Spleen,53,0
T cell,droplet,Spleen,56,0
T cell,droplet,Thymus,0,0
T cell,droplet,Thymus,3,0
T cell,droplet,Thymus,4,0
T cell,droplet,Thymus,8,0
T cell,droplet,Thymus,9,0
T cell,droplet,Thymus,12,0
T cell,droplet,Thymus,13,0
T cell,droplet,Thymus,15,0
T cell,droplet,Thymus,18,0
T cell,droplet,Thymus,19,0
T cell,droplet,Thymus,20,0
T cell,droplet,Thymus,21,0
T cell,droplet,Thymus,25,0
T cell,droplet,Thymus,28,0
T cell,droplet,Thymus,32,0
T cell,droplet,Thymus,33,0
T cell,droplet,Thymus,36,0
T cell,droplet,Thymus,38,0
T cell,droplet,Thymus,39,0
T cell,droplet,Thymus,42,0
T cell,droplet,Thymus,44,0
T cell,droplet,Thymus,49,0
T cell,droplet,Thymus,50,0
T cell,droplet,Thymus,53,0
T cell,droplet,Thymus,56,0
alveolar macrophage,FACS,Kidney,0,0
alveolar macrophage,FACS,Kidney,3,0
alveolar macrophage,FACS,Kidney,4,0
alveolar macrophage,FACS,Kidney,8,0
alveolar macrophage,FACS,Kidney,9,0
alveolar macrophage,FACS,Kidney,12,0
alveolar macrophage,FACS,Kidney,13,0
alveolar macrophage,FACS,Kidney,15,0
alveolar macrophage,FACS,Kidney,18,0
alveolar macrophage,FACS,Kidney,19,0
alveolar macrophage,FACS,Kidney,20,0
alveolar macrophage,FACS,Kidney,21,0
alveolar macrophage,FACS,Kidney,25,0
alveolar macrophage,FACS,Kidney,28,0
alveolar macrophage,FACS,Kidney,32,0
alveolar macrophage,FACS,Kidney,33,0
alveolar macrophage,FACS,Kidney,36,0
alveolar macrophage,FACS,Kidney,38,0
alveolar macrophage,FACS,Kidney,39,0
alveolar macrophage,FACS,Kidney,42,0
alveolar macrophage,FACS,Kidney,44,0
alveolar macrophage,FACS,Kidney,49,0
alveolar macrophage,FACS,Kidney,50,0
alveolar macrophage,FACS,Kidney,53,0
alveolar macrophage,FACS,Kidney,56,0
alveolar macrophage,FACS,Limb_Muscle,0,0
alveolar macrophage,FACS,Limb_Muscle,3,0
alveolar macrophage,FACS,Limb_Muscle,4,0
alveolar macrophage,FACS,Limb_Muscle,8,0
alveolar macrophage,FACS,Limb_Muscle,9,0
alveolar macrophage,FACS,Limb_Muscle,12,0
alveolar macrophage,FACS,Limb_Muscle,13,0
alveolar macrophage,FACS,Limb_Muscle,15,0
alveolar macrophage,FACS,Limb_Muscle,18,0
alveolar macrophage,FACS,Limb_Muscle,19,0
alveolar macrophage,FACS,Limb_Muscle,20,0
alveolar macrophage,FACS,Limb_Muscle,21,0
alveolar macrophage,FACS,Limb_Muscle,25,0
alveolar macrophage,FACS,Limb_Muscle,28,0
alveolar macrophage,FACS,Limb_Muscle,32,0
alveolar macrophage,FACS,Limb_Muscle,33,0
alveolar macrophage,FACS,Limb_Muscle,36,0
alveolar macrophage,FACS,Limb_Muscle,38,0
alveolar macrophage,FACS,Limb_Muscle,39,0
alveolar macrophage,FACS,Limb_Muscle,42,0
alveolar macrophage,FACS,Limb_Muscle,44,0
alveolar macrophage,FACS,Limb_Muscle,49,0
alveolar macrophage,FACS,Limb_Muscle,50,0
alveolar macrophage,FACS,Limb_Muscle,53,0
alveolar macrophage,FACS,Limb_Muscle,56,0
alveolar macrophage,FACS,Lung,0,0
alveolar macrophage,FACS,Lung,3,0
alveolar macrophage,FACS,Lung,4,0
alveolar macrophage,FACS,Lung,8,0
alveolar macrophage,FACS,Lung,9,0
alveolar macrophage,FACS,Lung,12,0
alveolar macrophage,FACS,Lung,13,0
alveolar macrophage,FACS,Lung,15,0
alveolar macrophage,FACS,Lung,18,0
alveolar macrophage,FACS,Lung,19,0
alveolar macrophage,FACS,Lung,20,0
alveolar macrophage,FACS,Lung,21,0
alveolar macrophage,FACS,Lung,25,0
alveolar macrophage,FACS,Lung,28,0
alveolar macrophage,FACS,Lung,32,0
alveolar macrophage,FACS,Lung,33,0
alveolar macrophage,FACS,Lung,36,0
alveolar macrophage,FACS,Lung,38,0
alveolar macrophage,FACS,Lung,39,0
alveolar macrophage,FACS,Lung,42,0
alveolar macrophage,FACS,Lung,44,0
alveolar macrophage,FACS,Lung,49,0
alveolar macrophage,FACS,Lung,50,0
alveolar macrophage,FACS,Lung,53,0
alveolar macrophage,FACS,Lung,56,0
alveolar macrophage,FACS,Mammary_Gland,0,0
alveolar macrophage,FACS,Mammary_Gland,3,0
alveolar macrophage,FACS,Mammary_Gland,4,0
alveolar macrophage,FACS,Mammary_Gland,8,0
alveolar macrophage,FACS,Mammary_Gland,9,0
alveolar macrophage,FACS,Mammary_Gland,12,0
alveolar macrophage,FACS,Mammary_Gland,13,0
alveolar macrophage,FACS,Mammary_Gland,15,0
alveolar macrophage,FACS,Mammary_Gland,18,0
alveolar macrophage,FACS,Mammary_Gland,19,0
alveolar macrophage,FACS,Mammary_Gland,20,0
alveolar macrophage,FACS,Mammary_Gland,21,0
alveolar macrophage,FACS,Mammary_Gland,25,0
alveolar macrophage,FACS,Mammary_Gland,28,0
alveolar macrophage,FACS,Mammary_Gland,32,0
alveolar macrophage,FACS,Mammary_Gland,33,0
alveolar macrophage,FACS,Mammary_Gland,36,0
alveolar macrophage,FACS,Mammary_Gland,38,0
alveolar macrophage,FACS,Mammary_Gland,39,0
alveolar macrophage,FACS,Mammary_Gland,42,0
alveolar macrophage,FACS,Mammary_Gland,44,0
alveolar macrophage,FACS,Mammary_Gland,49,0
alveolar macrophage,FACS,Mammary_Gland,50,0
alveolar macrophage,FACS,Mammary_Gland,53,0
alveolar macrophage,FACS,Mammary_Gland,56,0
alveolar macrophage,FACS,Marrow,0,0
alveolar macrophage,FACS,Marrow,3,0
alveolar macrophage,FACS,Marrow,4,0
alveolar macrophage,FACS,Marrow,8,0
alveolar macrophage,FACS,Marrow,9,0
alveolar macrophage,FACS,Marrow,12,0
alveolar macrophage,FACS,Marrow,13,0
alveolar macrophage,FACS,Marrow,15,0
alveolar macrophage,FACS,Marrow,18,0
alveolar macrophage,FACS,Marrow,19,0
alveolar macrophage,FACS,Marrow,20,0
alveolar macrophage,FACS,Marrow,21,0
alveolar macrophage,FACS,Marrow,25,0
alveolar macrophage,FACS,Marrow,28,0
alveolar macrophage,FACS,Marrow,32,0
alveolar macrophage,FACS,Marrow,33,0
alveolar macrophage,FACS,Marrow,36,0
alveolar macrophage,FACS,Marrow,38,0
alveolar macrophage,FACS,Marrow,39,0
alveolar macrophage,FACS,Marrow,42,0
alveolar macrophage,FACS,Marrow,44,0
alveolar macrophage,FACS,Marrow,49,0
alveolar macrophage,FACS,Marrow,50,0
alveolar macrophage,FACS,Marrow,53,0
alveolar macrophage,FACS,Marrow,56,0
alveolar macrophage,FACS,Spleen,0,0
alveolar macrophage,FACS,Spleen,3,0
alveolar macrophage,FACS,Spleen,4,0
alveolar macrophage,FACS,Spleen,8,0
alveolar macrophage,FACS,Spleen,9,0
alveolar macrophage,FACS,Spleen,12,0
alveolar macrophage,FACS,Spleen,13,0
alveolar macrophage,FACS,Spleen,15,0
alveolar macrophage,FACS,Spleen,18,0
alveolar macrophage,FACS,Spleen,19,0
alveolar macrophage,FACS,Spleen,20,0
alveolar macrophage,FACS,Spleen,21,0
alveolar macrophage,FACS,Spleen,25,0
alveolar macrophage,FACS,Spleen,28,0
alveolar macrophage,FACS,Spleen,32,0
alveolar macrophage,FACS,Spleen,33,0
alveolar macrophage,FACS,Spleen,36,0
alveolar macrophage,FACS,Spleen,38,0
alveolar macrophage,FACS,Spleen,39,0
alveolar macrophage,FACS,Spleen,42,0
alveolar macrophage,FACS,Spleen,44,0
alveolar macrophage,FACS,Spleen,49,0
alveolar macrophage,FACS,Spleen,50,0
alveolar macrophage,FACS,Spleen,53,0
alveolar macrophage,FACS,Spleen,56,0
alveolar macrophage,FACS,Thymus,0,0
alveolar macrophage,FACS,Thymus,3,0
alveolar macrophage,FACS,Thymus,4,0
alveolar macrophage,FACS,Thymus,8,0
alveolar macrophage,FACS,Thymus,9,0
alveolar macrophage,FACS,Thymus,12,0
alveolar macrophage,FACS,Thymus,13,0
alveolar macrophage,FACS,Thymus,15,0
alveolar macrophage,FACS,Thymus,18,0
alveolar macrophage,FACS,Thymus,19,0
alveolar macrophage,FACS,Thymus,20,0
alveolar macrophage,FACS,Thymus,21,0
alveolar macrophage,FACS,Thymus,25,0
alveolar macrophage,FACS,Thymus,28,0
alveolar macrophage,FACS,Thymus,32,0
alveolar macrophage,FACS,Thymus,33,0
alveolar macrophage,FACS,Thymus,36,0
alveolar macrophage,FACS,Thymus,38,0
alveolar macrophage,FACS,Thymus,39,0
alveolar macrophage,FACS,Thymus,42,0
alveolar macrophage,FACS,Thymus,44,0
alveolar macrophage,FACS,Thymus,49,0
alveolar macrophage,FACS,Thymus,50,0
alveolar macrophage,FACS,Thymus,53,0
alveolar macrophage,FACS,Thymus,56,0
alveolar macrophage,droplet,Kidney,0,0
alveolar macrophage,droplet,Kidney,3,0
alveolar macrophage,droplet,Kidney,4,0
alveolar macrophage,droplet,Kidney,8,0
alveolar macrophage,droplet,Kidney,9,0
alveolar macrophage,droplet,Kidney,12,0
alveolar macrophage,droplet,Kidney,13,0
alveolar macrophage,droplet,Kidney,15,0
alveolar macrophage,droplet,Kidney,18,0
alveolar macrophage,droplet,Kidney,19,0
alveolar macrophage,droplet,Kidney,20,0
alveolar macrophage,droplet,Kidney,21,0
alveolar macrophage,droplet,Kidney,25,0
alveolar macrophage,droplet,Kidney,28,0
alveolar macrophage,droplet,Kidney,32,0
alveolar macrophage,droplet,Kidney,33,0
alveolar macrophage,droplet,Kidney,36,0
alveolar macrophage,droplet,Kidney,38,0
alveolar macrophage,droplet,Kidney,39,0
alveolar macrophage,droplet,Kidney,42,0
alveolar macrophage,droplet,Kidney,44,0
alveolar macrophage,droplet,Kidney,49,0
alveolar macrophage,droplet,Kidney,50,0
alveolar macrophage,droplet,Kidney,53,0
alveolar macrophage,droplet,Kidney,56,0
alveolar macrophage,droplet,Limb_Muscle,0,0
alveolar macrophage,droplet,Limb_Muscle,3,0
alveolar macrophage,droplet,Limb_Muscle,4,0
alveolar macrophage,droplet,Limb_Muscle,8,0
alveolar macrophage,droplet,Limb_Muscle,9,0
alveolar macrophage,droplet,Limb_Muscle,12,0
alveolar macrophage,droplet,Limb_Muscle,13,0
alveolar macrophage,droplet,Limb_Muscle,15,0
alveolar macrophage,droplet,Limb_Muscle,18,0
alveolar macrophage,droplet,Limb_Muscle,19,0
alveolar macrophage,droplet,Limb_Muscle,20,0
alveolar macrophage,droplet,Limb_Muscle,21,0
alveolar macrophage,droplet,Limb_Muscle,25,0
alveolar macrophage,droplet,Limb_Muscle,28,0
alveolar macrophage,droplet,Limb_Muscle,32,0
alveolar macrophage,droplet,Limb_Muscle,33,0
alveolar macrophage,droplet,Limb_Muscle,36,0
alveolar macrophage,droplet,Limb_Muscle,38,0
alveolar macrophage,droplet,Limb_Muscle,39,0
alveolar macrophage,droplet,Limb_Muscle,42,0
alveolar macrophage,droplet,Limb_Muscle,44,0
alveolar macrophage,droplet,Limb_Muscle,49,0
alveolar macrophage,droplet,Limb_Muscle,50,0
alveolar macrophage,droplet,Limb_Muscle,53,0
alveolar macrophage,droplet,Limb_Muscle,56,0
alveolar macrophage,droplet,Lung,0,0
alveolar macrophage,droplet,Lung,3,0
alveolar macrophage,droplet,Lung,4,0
alveolar macrophage,droplet,Lung,8,0
alveolar macrophage,droplet,Lung,9,0
alveolar macrophage,droplet,Lung,12,0
alveolar macrophage,droplet,Lung,13,0
alveolar macrophage,droplet,Lung,15,0
alveolar macrophage,droplet,Lung,18,0
alveolar macrophage,droplet,Lung,19,0
alveolar macrophage,droplet,Lung,20,0
alveolar macrophage,droplet,Lung,21,0
alveolar macrophage,droplet,Lung,25,0
alveolar macrophage,droplet,Lung,28,0
alveolar macrophage,droplet,Lung,32,0
alveolar macrophage,droplet,Lung,33,0
alveolar macrophage,droplet,Lung,36,0
alveolar macrophage,droplet,Lung,38,0
alveolar macrophage,droplet,Lung,39,0
alveolar macrophage,droplet,Lung,42,0
alveolar macrophage,droplet,Lung,44,345
alveolar macrophage,droplet,Lung,49,0
alveolar macrophage,droplet,Lung,50,0
alveolar macrophage,droplet,Lung,53,0
alveolar macrophage,droplet,Lung,56,0
alveolar macrophage,droplet,Mammary_Gland,0,0
alveolar macrophage,droplet,Mammary_Gland,3,0
alveolar macrophage,droplet,Mammary_Gland,4,0
alveolar macrophage,droplet,Mammary_Gland,8,0
alveolar macrophage,droplet,Mammary_Gland,9,0
alveolar macrophage,droplet,Mammary_Gland,12,0
alveolar macrophage,droplet,Mammary_Gland,13,0
alveolar macrophage,droplet,Mammary_Gland,15,0
alveolar macrophage,droplet,Mammary_Gland,18,0
alveolar macrophage,droplet,Mammary_Gland,19,0
alveolar macrophage,droplet,Mammary_Gland,20,0
alveolar macrophage,droplet,Mammary_Gland,21,0
alveolar macrophage,droplet,Mammary_Gland,25,0
alveolar macrophage,droplet,Mammary_Gland,28,0
alveolar macrophage,droplet,Mammary_Gland,32,0
alveolar macrophage,droplet,Mammary_Gland,33,0
alveolar macrophage,droplet,Mammary_Gland,36,0
alveolar macrophage,droplet,Mammary_Gland,38,0
alveolar macrophage,droplet,Mammary_Gland,39,0
alveolar macrophage,droplet,Mammary_Gland,42,0
alveolar macrophage,droplet,Mammary_Gland,44,0
alveolar macrophage,droplet,Mammary_Gland,49,0
alveolar macrophage,droplet,Mammary_Gland,50,0
alveolar macrophage,droplet,Mammary_Gland,53,0
alveolar macrophage,droplet,Mammary_Gland,56,0
alveolar macrophage,droplet,Marrow,0,0
alveolar macrophage,droplet,Marrow,3,0
alveolar macrophage,droplet,Marrow,4,0
alveolar macrophage,droplet,Marrow,8,0
alveolar macrophage,droplet,Marrow,9,0
alveolar macrophage,droplet,Marrow,12,0
alveolar macrophage,droplet,Marrow,13,0
alveolar macrophage,droplet,Marrow,15,0
alveolar macrophage,droplet,Marrow,18,0
alveolar macrophage,droplet,Marrow,19,0
alveolar macrophage,droplet,Marrow,20,0
alveolar macrophage,droplet,Marrow,21,0
alveolar macrophage,droplet,Marrow,25,0
alveolar macrophage,droplet,Marrow,28,0
alveolar macrophage,droplet,Marrow,32,0
alveolar macrophage,droplet,Marrow,33,0
alveolar macrophage,droplet,Marrow,36,0
alveolar macrophage,droplet,Marrow,38,0
alveolar macrophage,droplet,Marrow,39,0
alveolar macrophage,droplet,Marrow,42,0
alveolar macrophage,droplet,Marrow,44,0
alveolar macrophage,droplet,Marrow,49,0
alveolar macrophage,droplet,Marrow,50,0
alveolar macrophage,droplet,Marrow,53,0
alveolar macrophage,droplet,Marrow,56,0
alveolar macrophage,droplet,Spleen,0,0
alveolar macrophage,droplet,Spleen,3,0
alveolar macrophage,droplet,Spleen,4,0
alveolar macrophage,droplet,Spleen,8,0
alveolar macrophage,droplet,Spleen,9,0
alveolar macrophage,droplet,Spleen,12,0
alveolar macrophage,droplet,Spleen,13,0
alveolar macrophage,droplet,Spleen,15,0
alveolar macrophage,droplet,Spleen,18,0
alveolar macrophage,droplet,Spleen,19,0
alveolar macrophage,droplet,Spleen,20,0
alveolar macrophage,droplet,Spleen,21,0
alveolar macrophage,droplet,Spleen,25,0
alveolar macrophage,droplet,Spleen,28,0
alveolar macrophage,droplet,Spleen,32,0
alveolar macrophage,droplet,Spleen,33,0
alveolar macrophage,droplet,Spleen,36,0
alveolar macrophage,droplet,Spleen,38,0
alveolar macrophage,droplet,Spleen,39,0
alveolar macrophage,droplet,Spleen,42,0
alveolar macrophage,droplet,Spleen,44,0
alveolar macrophage,droplet,Spleen,49,0
alveolar macrophage,droplet,Spleen,50,0
alveolar macrophage,droplet,Spleen,53,0
alveolar macrophage,droplet,Spleen,56,0
alveolar macrophage,droplet,Thymus,0,0
alveolar macrophage,droplet,Thymus,3,0
alveolar macrophage,droplet,Thymus,4,0
alveolar macrophage,droplet,Thymus,8,0
alveolar macrophage,droplet,Thymus,9,0
alveolar macrophage,droplet,Thymus,12,0
alveolar macrophage,droplet,Thymus,13,0
alveolar macrophage,droplet,Thymus,15,0
alveolar macrophage,droplet,Thymus,18,0
alveolar macrophage,droplet,Thymus,19,0
alveolar macrophage,droplet,Thymus,20,0
alveolar macrophage,droplet,Thymus,21,0
alveolar macrophage,droplet,Thymus,25,0
alveolar macrophage,droplet,Thymus,28,0
alveolar macrophage,droplet,Thymus,32,0
alveolar macrophage,droplet,Thymus,33,0
alveolar macrophage,droplet,Thymus,36,0
alveolar macrophage,droplet,Thymus,38,0
alveolar macrophage,droplet,Thymus,39,0
alveolar macrophage,droplet,Thymus,42,0
alveolar macrophage,droplet,Thymus,44,0
alveolar macrophage,droplet,Thymus,49,0
alveolar macrophage,droplet,Thymus,50,0
alveolar macrophage,droplet,Thymus,53,0
alveolar macrophage,droplet,Thymus,56,0
immature T cell,FACS,Kidney,0,0
immature T cell,FACS,Kidney,3,0
immature T cell,FACS,Kidney,4,0
immature T cell,FACS,Kidney,8,0
immature T cell,FACS,Kidney,9,0
immature T cell,FACS,Kidney,12,0
immature T cell,FACS,Kidney,13,0
immature T cell,FACS,Kidney,15,0
immature T cell,FACS,Kidney,18,0
immature T cell,FACS,Kidney,19,0
immature T cell,FACS,Kidney,20,0
immature T cell,FACS,Kidney,21,0
immature T cell,FACS,Kidney,25,0
immature T cell,FACS,Kidney,28,0
immature T cell,FACS,Kidney,32,0
immature T cell,FACS,Kidney,33,0
immature T cell,FACS,Kidney,36,0
immature T cell,FACS,Kidney,38,0
immature T cell,FACS,Kidney,39,0
immature T cell,FACS,Kidney,42,0
immature T cell,FACS,Kidney,44,0
immature T cell,FACS,Kidney,49,0
immature T cell,FACS,Kidney,50,0
immature T cell,FACS,Kidney,53,0
immature T cell,FACS,Kidney,56,0
immature T cell,FACS,Limb_Muscle,0,0
immature T cell,FACS,Limb_Muscle,3,0
immature T cell,FACS,Limb_Muscle,4,0
immature T cell,FACS,Limb_Muscle,8,0
immature T cell,FACS,Limb_Muscle,9,0
immature T cell,FACS,Limb_Muscle,12,0
immature T cell,FACS,Limb_Muscle,13,0
immature T cell,FACS,Limb_Muscle,15,0
immature T cell,FACS,Limb_Muscle,18,0
immature T cell,FACS,Limb_Muscle,19,0
immature T cell,FACS,Limb_Muscle,20,0
immature T cell,FACS,Limb_Muscle,21,0
immature T cell,FACS,Limb_Muscle,25,0
immature T cell,FACS,Limb_Muscle,28,0
immature T cell,FACS,Limb_Muscle,32,0
immature T cell,FACS,Limb_Muscle,33,0
immature T cell,FACS,Limb_Muscle,36,0
immature T cell,FACS,Limb_Muscle,38,0
immature T cell,FACS,Limb_Muscle,39,0
immature T cell,FACS,Limb_Muscle,42,0
immature T cell,FACS,Limb_Muscle,44,0
immature T cell,FACS,Limb_Muscle,49,0
immature T cell,FACS,Limb_Muscle,50,0
immature T cell,FACS,Limb_Muscle,53,0
immature T cell,FACS,Limb_Muscle,56,0
immature T cell,FACS,Lung,0,0
immature T cell,FACS,Lung,3,0
immature T cell,FACS,Lung,4,0
immature T cell,FACS,Lung,8,0
immature T cell,FACS,Lung,9,0
immature T cell,FACS,Lung,12,0
immature T cell,FACS,Lung,13,0
immature T cell,FACS,Lung,15,0
immature T cell,FACS,Lung,18,0
immature T cell,FACS,Lung,19,0
immature T cell,FACS,Lung,20,0
immature T cell,FACS,Lung,21,0
immature T cell,FACS,Lung,25,0
immature T cell,FACS,Lung,28,0
immature T cell,FACS,Lung,32,0
immature T cell,FACS,Lung,33,0
immature T cell,FACS,Lung,36,0
immature T cell,FACS,Lung,38,0
immature T cell,FACS,Lung,39,0
immature T cell,FACS,Lung,42,0
immature T cell,FACS,Lung,44,0
immature T cell,FACS,Lung,49,0
immature T cell,FACS,Lung,50,0
immature T cell,FACS,Lung,53,0
immature T cell,FACS,Lung,56,0
immature T cell,FACS,Mammary_Gland,0,0
immature T cell,FACS,Mammary_Gland,3,0
immature T cell,FACS,Mammary_Gland,4,0
immature T cell,FACS,Mammary_Gland,8,0
immature T cell,FACS,Mammary_Gland,9,0
immature T cell,FACS,Mammary_Gland,12,0
immature T cell,FACS,Mammary_Gland,13,0
immature T cell,FACS,Mammary_Gland,15,0
immature T cell,FACS,Mammary_Gland,18,0
immature T cell,FACS,Mammary_Gland,19,0
immature T cell,FACS,Mammary_Gland,20,0
immature T cell,FACS,Mammary_Gland,21,0
immature T cell,FACS,Mammary_Gland,25,0
immature T cell,FACS,Mammary_Gland,28,0
immature T cell,FACS,Mammary_Gland,32,0
immature T cell,FACS,Mammary_Gland,33,0
immature T cell,FACS,Mammary_Gland,36,0
immature T cell,FACS,Mammary_Gland,38,0
immature T cell,FACS,Mammary_Gland,39,0
immature T cell,FACS,Mammary_Gland,42,0
immature T cell,FACS,Mammary_Gland,44,0
immature T cell,FACS,Mammary_Gland,49,0
immature T cell,FACS,Mammary_Gland,50,0
immature T cell,FACS,Mammary_Gland,53,0
immature T cell,FACS,Mammary_Gland,56,0
immature T cell,FACS,Marrow,0,0
immature T cell,FACS,Marrow,3,0
immature T cell,FACS,Marrow,4,0
immature T cell,FACS,Marrow,8,0
immature T cell,FACS,Marrow,9,0
immature T cell,FACS,Marrow,12,0
immature T cell,FACS,Marrow,13,0
immature T cell,FACS,Marrow,15,0
immature T cell,FACS,Marrow,18,0
immature T cell,FACS,Marrow,19,0
immature T cell,FACS,Marrow,20,0
immature T cell,FACS,Marrow,21,0
immature T cell,FACS,Marrow,25,0
immature T cell,FACS,Marrow,28,0
immature T cell,FACS,Marrow,32,0
immature T cell,FACS,Marrow,33,0
immature T cell,FACS,Marrow,36,0
immature T cell,FACS,Marrow,38,0
immature T cell,FACS,Marrow,39,0
immature T cell,FACS,Marrow,42,0
immature T cell,FACS,Marrow,44,0
immature T cell,FACS,Marrow,49,0
immature T cell,FACS,Marrow,50,0
immature T cell,FACS,Marrow,53,0
immature T cell,FACS,Marrow,56,0
immature T cell,FACS,Spleen,0,0
immature T cell,FACS,Spleen,3,0
immature T cell,FACS,Spleen,4,0
immature T cell,FACS,Spleen,8,0
immature T cell,FACS,Spleen,9,0
immature T cell,FACS,Spleen,12,0
immature T cell,FACS,Spleen,13,0
immature T cell,FACS,Spleen,15,0
immature T cell,FACS,Spleen,18,0
immature T cell,FACS,Spleen,19,0
immature T cell,FACS,Spleen,20,0
immature T cell,FACS,Spleen,21,0
immature T cell,FACS,Spleen,25,0
immature T cell,FACS,Spleen,28,0
immature T cell,FACS,Spleen,32,0
immature T cell,FACS,Spleen,33,0
immature T cell,FACS,Spleen,36,0
immature T cell,FACS,Spleen,38,0
immature T cell,FACS,Spleen,39,0
immature T cell,FACS,Spleen,42,0
immature T cell,FACS,Spleen,44,0
immature T cell,FACS,Spleen,49,0
immature T cell,FACS,Spleen,50,0
immature T cell,FACS,Spleen,53,0
immature T cell,FACS,Spleen,56,0
immature T cell,FACS,Thymus,0,0
immature T cell,FACS,Thymus,3,0
immature T cell,FACS,Thymus,4,0
immature T cell,FACS,Thymus,8,0
immature T cell,FACS,Thymus,9,0
immature T cell,FACS,Thymus,12,0
immature T cell,FACS,Thymus,13,0
immature T cell,FACS,Thymus,15,0
immature T cell,FACS,Thymus,18,0
immature T cell,FACS,Thymus,19,0
immature T cell,FACS,Thymus,20,0
immature T cell,FACS,Thymus,21,0
immature T cell,FACS,Thymus,25,0
immature T cell,FACS,Thymus,28,0
immature T cell,FACS,Thymus,32,0
immature T cell,FACS,Thymus,33,0
immature T cell,FACS,Thymus,36,0
immature T cell,FACS,Thymus,38,0
immature T cell,FACS,Thymus,39,0
immature T cell,FACS,Thymus,42,0
immature T cell,FACS,Thymus,44,0
immature T cell,FACS,Thymus,49,0
immature T cell,FACS,Thymus,50,0
immature T cell,FACS,Thymus,53,0
immature T cell,FACS,Thymus,56,0
immature T cell,droplet,Kidney,0,0
immature T cell,droplet,Kidney,3,0
immature T cell,droplet,Kidney,4,0
immature T cell,droplet,Kidney,8,0
immature T cell,droplet,Kidney,9,0
immature T cell,droplet,Kidney,12,0
immature T cell,droplet,Kidney,13,0
immature T cell,droplet,Kidney,15,0
immature T cell,droplet,Kidney,18,0
immature T cell,droplet,Kidney,19,0
immature T cell,droplet,Kidney,20,0
immature T cell,droplet,Kidney,21,0
immature T cell,droplet,Kidney,25,0
immature T cell,droplet,Kidney,28,0
immature T cell,droplet,Kidney,32,0
immature T cell,droplet,Kidney,33,0
immature T cell,droplet,Kidney,36,0
immature T cell,droplet,Kidney,38,0
immature T cell,droplet,Kidney,39,0
immature T cell,droplet,Kidney,42,0
immature T cell,droplet,Kidney,44,0
immature T cell,droplet,Kidney,49,0
immature T cell,droplet,Kidney,50,0
immature T cell,droplet,Kidney,53,0
immature T cell,droplet,Kidney,56,0
immature T cell,droplet,Limb_Muscle,0,0
immature T cell,droplet,Limb_Muscle,3,0
immature T cell,droplet,Limb_Muscle,4,0
immature T cell,droplet,Limb_Muscle,8,0
immature T cell,droplet,Limb_Muscle,9,0
immature T cell,droplet,Limb_Muscle,12,0
immature T cell,droplet,Limb_Muscle,13,0
immature T cell,droplet,Limb_Muscle,15,0
immature T cell,droplet,Limb_Muscle,18,0
immature T cell,droplet,Limb_Muscle,19,0
immature T cell,droplet,Limb_Muscle,20,0
immature T cell,droplet,Limb_Muscle,21,0
immature T cell,droplet,Limb_Muscle,25,0
immature T cell,droplet,Limb_Muscle,28,0
immature T cell,droplet,Limb_Muscle,32,0
immature T cell,droplet,Limb_Muscle,33,0
immature T cell,droplet,Limb_Muscle,36,0
immature T cell,droplet,Limb_Muscle,38,0
immature T cell,droplet,Limb_Muscle,39,0
immature T cell,droplet,Limb_Muscle,42,0
immature T cell,droplet,Limb_Muscle,44,0
immature T cell,droplet,Limb_Muscle,49,0
immature T cell,droplet,Limb_Muscle,50,0
immature T cell,droplet,Limb_Muscle,53,0
immature T cell,droplet,Limb_Muscle,56,0
immature T cell,droplet,Lung,0,0
immature T cell,droplet,Lung,3,0
immature T cell,droplet,Lung,4,0
immature T cell,droplet,Lung,8,0
immature T cell,droplet,Lung,9,0
immature T cell,droplet,Lung,12,0
immature T cell,droplet,Lung,13,0
immature T cell,droplet,Lung,15,0
immature T cell,droplet,Lung,18,0
immature T cell,droplet,Lung,19,0
immature T cell,droplet,Lung,20,0
immature T cell,droplet,Lung,21,0
immature T cell,droplet,Lung,25,0
immature T cell,droplet,Lung,28,0
immature T cell,droplet,Lung,32,0
immature T cell,droplet,Lung,33,0
immature T cell,droplet,Lung,36,0
immature T cell,droplet,Lung,38,0
immature T cell,droplet,Lung,39,0
immature T cell,droplet,Lung,42,0
immature T cell,droplet,Lung,44,0
immature T cell,droplet,Lung,49,0
immature T cell,droplet,Lung,50,0
immature T cell,droplet,Lung,53,0
immature T cell,droplet,Lung,56,0
immature T cell,droplet,Mammary_Gland,0,0
immature T cell,droplet,Mammary_Gland,3,0
immature T cell,droplet,Mammary_Gland,4,0
immature T cell,droplet,Mammary_Gland,8,0
immature T cell,droplet,Mammary_Gland,9,0
immature T cell,droplet,Mammary_Gland,12,0
immature T cell,droplet,Mammary_Gland,13,0
immature T cell,droplet,Mammary_Gland,15,0
immature T cell,droplet,Mammary_Gland,18,0
immature T cell,droplet,Mammary_Gland,19,0
immature T cell,droplet,Mammary_Gland,20,0
immature T cell,droplet,Mammary_Gland,21,0
immature T cell,droplet,Mammary_Gland,25,0
immature T cell,droplet,Mammary_Gland,28,0
immature T cell,droplet,Mammary_Gland,32,0
immature T cell,droplet,Mammary_Gland,33,0
immature T cell,droplet,Mammary_Gland,36,0
immature T cell,droplet,Mammary_Gland,38,0
immature T cell,droplet,Mammary_Gland,39,0
immature T cell,droplet,Mammary_Gland,42,0
immature T cell,droplet,Mammary_Gland,44,0
immature T cell,droplet,Mammary_Gland,49,0
immature T cell,droplet,Mammary_Gland,50,0
immature T cell,droplet,Mammary_Gland,53,0
immature T cell,droplet,Mammary_Gland,56,0
immature T cell,droplet,Marrow,0,0
immature T cell,droplet,Marrow,3,0
immature T cell,droplet,Marrow,4,0
immature T cell,droplet,Marrow,8,0
immature T cell,droplet,Marrow,9,0
immature T cell,droplet,Marrow,12,0
immature T cell,droplet,Marrow,13,0
immature T cell,droplet,Marrow,15,0
immature T cell,droplet,Marrow,18,0
immature T cell,droplet,Marrow,19,0
immature T cell,droplet,Marrow,20,0
immature T cell,droplet,Marrow,21,0
immature T cell,droplet,Marrow,25,0
immature T cell,droplet,Marrow,28,0
immature T cell,droplet,Marrow,32,0
immature T cell,droplet,Marrow,33,0
immature T cell,droplet,Marrow,36,0
immature T cell,droplet,Marrow,38,0
immature T cell,droplet,Marrow,39,0
immature T cell,droplet,Marrow,42,0
immature T cell,droplet,Marrow,44,0
immature T cell,droplet,Marrow,49,0
immature T cell,droplet,Marrow,50,0
immature T cell,droplet,Marrow,53,0
immature T cell,droplet,Marrow,56,0
immature T cell,droplet,Spleen,0,0
immature T cell,droplet,Spleen,3,0
immature T cell,droplet,Spleen,4,0
immature T cell,droplet,Spleen,8,0
immature T cell,droplet,Spleen,9,0
immature T cell,droplet,Spleen,12,0
immature T cell,droplet,Spleen,13,0
immature T cell,droplet,Spleen,15,0
immature T cell,droplet,Spleen,18,0
immature T cell,droplet,Spleen,19,0
immature T cell,droplet,Spleen,20,0
immature T cell,droplet,Spleen,21,0
immature T cell,droplet,Spleen,25,0
immature T cell,droplet,Spleen,28,0
immature T cell,droplet,Spleen,32,0
immature T cell,droplet,Spleen,33,0
immature T cell,droplet,Spleen,36,0
immature T cell,droplet,Spleen,38,0
immature T cell,droplet,Spleen,39,0
immature T cell,droplet,Spleen,42,0
immature T cell,droplet,Spleen,44,0
immature T cell,droplet,Spleen,49,0
immature T cell,droplet,Spleen,50,0
immature T cell,droplet,Spleen,53,0
immature T cell,droplet,Spleen,56,0
immature T cell,droplet,Thymus,0,0
immature T cell,droplet,Thymus,3,386
immature T cell,droplet,Thymus,4,0
immature T cell,droplet,Thymus,8,0
immature T cell,droplet,Thymus,9,20
immature T cell,droplet,Thymus,12,0
immature T cell,droplet,Thymus,13,0
immature T cell,droplet,Thymus,15,0
immature T cell,droplet,Thymus,18,0
immature T cell,droplet,Thymus,19,0
immature T cell,droplet,Thymus,20,0
immature T cell,droplet,Thymus,21,948
immature T cell,droplet,Thymus,25,0
immature T cell,droplet,Thymus,28,0
immature T cell,droplet,Thymus,32,0
immature T cell,droplet,Thymus,33,0
immature T cell,droplet,Thymus,36,0
immature T cell,droplet,Thymus,38,0
immature T cell,droplet,Thymus,39,0
immature T cell,droplet,Thymus,42,0
immature T cell,droplet,Thymus,44,0
immature T cell,droplet,Thymus,49,0
immature T cell,droplet,Thymus,50,0
immature T cell,droplet,Thymus,53,0
immature T cell,droplet,Thymus,56,0
macrophage,FACS,Kidney,0,0
macrophage,FACS,Kidney,3,0
macrophage,FACS,Kidney,4,0
macrophage,FACS,Kidney,8,0
macrophage,FACS,Kidney,9,0
macrophage,FACS,Kidney,12,0
macrophage,FACS,Kidney,13,0
macrophage,FACS,Kidney,15,0
macrophage,FACS,Kidney,18,0
macrophage,FACS,Kidney,19,0
macrophage,FACS,Kidney,20,0
macrophage,FACS,Kidney,21,0
macrophage,FACS,Kidney,25,0
macrophage,FACS,Kidney,28,0
macrophage,FACS,Kidney,32,0
macrophage,FACS,Kidney,33,0
macrophage,FACS,Kidney,36,0
macrophage,FACS,Kidney,38,0
macrophage,FACS,Kidney,39,0
macrophage,FACS,Kidney,42,0
macrophage,FACS,Kidney,44,0
macrophage,FACS,Kidney,49,0
macrophage,FACS,Kidney,50,0
macrophage,FACS,Kidney,53,0
macrophage,FACS,Kidney,56,0
macrophage,FACS,Limb_Muscle,0,0
macrophage,FACS,Limb_Muscle,3,0
macrophage,FACS,Limb_Muscle,4,38
macrophage,FACS,Limb_Muscle,8,0
macrophage,FACS,Limb_Muscle,9,2
macrophage,FACS,Limb_Muscle,12,0
macrophage,FACS,Limb_Muscle,13,0
macrophage,FACS,Limb_Muscle,15,0
macrophage,FACS,Limb_Muscle,18,0
macrophage,FACS,Limb_Muscle,19,1
macrophage,FACS,Limb_Muscle,20,0
macrophage,FACS,Limb_Muscle,21,0
macrophage,FACS,Limb_Muscle,25,0
macrophage,FACS,Limb_Muscle,28,0
macrophage,FACS,Limb_Muscle,32,2
macrophage,FACS,Limb_Muscle,33,0
macrophage,FACS,Limb_Muscle,36,0
macrophage,FACS,Limb_Muscle,38,2
macrophage,FACS,Limb_Muscle,39,0
macrophage,FACS,Limb_Muscle,42,0
macrophage,FACS,Limb_Muscle,44,0
macrophage,FACS,Limb_Muscle,49,0
macrophage,FACS,Limb_Muscle,50,0
macrophage,FACS,Limb_Muscle,53,0
macrophage,FACS,Limb_Muscle,56,0
macrophage,FACS,Lung,0,0
macrophage,FACS,Lung,3,0
macrophage,FACS,Lung,4,0
macrophage,FACS,Lung,8,0
macrophage,FACS,Lung,9,0
macrophage,FACS,Lung,12,0
macrophage,FACS,Lung,13,0
macrophage,FACS,Lung,15,0
macrophage,FACS,Lung,18,0
macrophage,FACS,Lung,19,0
macrophage,FACS,Lung,20,0
macrophage,FACS,Lung,21,0
macrophage,FACS,Lung,25,0
macrophage,FACS,Lung,28,0
macrophage,FACS,Lung,32,0
macrophage,FACS,Lung,33,0
macrophage,FACS,Lung,36,0
macrophage,FACS,Lung,38,0
macrophage,FACS,Lung,39,0
macrophage,FACS,Lung,42,0
macrophage,FACS,Lung,44,0
macrophage,FACS,Lung,49,0
macrophage,FACS,Lung,50,0
macrophage,FACS,Lung,53,0
macrophage,FACS,Lung,56,0
macrophage,FACS,Mammary_Gland,0,0
macrophage,FACS,Mammary_Gland,3,0
macrophage,FACS,Mammary_Gland,4,0
macrophage,FACS,Mammary_Gland,8,0
macrophage,FACS,Mammary_Gland,9,0
macrophage,FACS,Mammary_Gland,12,0
macrophage,FACS,Mammary_Gland,13,0
macrophage,FACS,Mammary_Gland,15,0
macrophage,FACS,Mammary_Gland,18,0
macrophage,FACS,Mammary_Gland,19,0
macrophage,FACS,Mammary_Gland,20,0
macrophage,FACS,Mammary_Gland,21,0
macrophage,FACS,Mammary_Gland,25,0
macrophage,FACS,Mammary_Gland,28,0
macrophage,FACS,Mammary_Gland,32,0
macrophage,FACS,Mammary_Gland,33,0
macrophage,FACS,Mammary_Gland,36,0
macrophage,FACS,Mammary_Gland,38,0
macrophage,FACS,Mammary_Gland,39,0
macrophage,FACS,Mammary_Gland,42,0
macrophage,FACS,Mammary_Gland,44,0
macrophage,FACS,Mammary_Gland,49,0
macrophage,FACS,Mammary_Gland,50,0
macrophage,FACS,Mammary_Gland,53,0
macrophage,FACS,Mammary_Gland,56,0
macrophage,FACS,Marrow,0,0
macrophage,FACS,Marrow,3,0
macrophage,FACS,Marrow,4,0
macrophage,FACS,Marrow,8,0
macrophage,FACS,Marrow,9,0
macrophage,FACS,Marrow,12,0
macrophage,FACS,Marrow,13,0
macrophage,FACS,Marrow,15,0
macrophage,FACS,Marrow,18,0
macrophage,FACS,Marrow,19,0
macrophage,FACS,Marrow,20,0
macrophage,FACS,Marrow,21,0
macrophage,FACS,Marrow,25,0
macrophage,FACS,Marrow,28,0
macrophage,FACS,Marrow,32,0
macrophage,FACS,Marrow,33,0
macrophage,FACS,Marrow,36,0
macrophage,FACS,Marrow,38,0
macrophage,FACS,Marrow,39,0
macrophage,FACS,Marrow,42,0
macrophage,FACS,Marrow,44,0
macrophage,FACS,Marrow,49,0
macrophage,FACS,Marrow,50,0
macrophage,FACS,Marrow,53,0
macrophage,FACS,Marrow,56,0
macrophage,FACS,Spleen,0,0
macrophage,FACS,Spleen,3,0
macrophage,FACS,Spleen,4,0
macrophage,FACS,Spleen,8,0
macrophage,FACS,Spleen,9,0
macrophage,FACS,Spleen,12,0
macrophage,FACS,Spleen,13,0
macrophage,FACS,Spleen,15,0
macrophage,FACS,Spleen,18,0
macrophage,FACS,Spleen,19,0
macrophage,FACS,Spleen,20,0
macrophage,FACS,Spleen,21,0
macrophage,FACS,Spleen,25,0
macrophage,FACS,Spleen,28,0
macrophage,FACS,Spleen,32,0
macrophage,FACS,Spleen,33,0
macrophage,FACS,Spleen,36,0
macrophage,FACS,Spleen,38,0
macrophage,FACS,Spleen,39,0
macrophage,FACS,Spleen,42,0
macrophage,FACS,Spleen,44,0
macrophage,FACS,Spleen,49,0
macrophage,FACS,Spleen,50,0
macrophage,FACS,Spleen,53,0
macrophage,FACS,Spleen,56,0
macrophage,FACS,Thymus,0,0
macrophage,FACS,Thymus,3,0
macrophage,FACS,Thymus,4,0
macrophage,FACS,Thymus,8,0
macrophage,FACS,Thymus,9,0
macrophage,FACS,Thymus,12,0
macrophage,FACS,Thymus,13,0
macrophage,FACS,Thymus,15,0
macrophage,FACS,Thymus,18,0
macrophage,FACS,Thymus,19,0
macrophage,FACS,Thymus,20,0
macrophage,FACS,Thymus,21,0
macrophage,FACS,Thymus,25,0
macrophage,FACS,Thymus,28,0
macrophage,FACS,Thymus,32,0
macrophage,FACS,Thymus,33,0
macrophage,FACS,Thymus,36,0
macrophage,FACS,Thymus,38,0
macrophage,FACS,Thymus,39,0
macrophage,FACS,Thymus,42,0
macrophage,FACS,Thymus,44,0
macrophage,FACS,Thymus,49,0
macrophage,FACS,Thymus,50,0
macrophage,FACS,Thymus,53,0
macrophage,FACS,Thymus,56,0
macrophage,droplet,Kidney,0,0
macrophage,droplet,Kidney,3,0
macrophage,droplet,Kidney,4,137
macrophage,droplet,Kidney,8,0
macrophage,droplet,Kidney,9,0
macrophage,droplet,Kidney,12,0
macrophage,droplet,Kidney,13,1
macrophage,droplet,Kidney,15,0
macrophage,droplet,Kidney,18,0
macrophage,droplet,Kidney,19,0
macrophage,droplet,Kidney,20,0
macrophage,droplet,Kidney,21,0
macrophage,droplet,Kidney,25,0
macrophage,droplet,Kidney,28,0
macrophage,droplet,Kidney,32,1
macrophage,droplet,Kidney,33,0
macrophage,droplet,Kidney,36,0
macrophage,droplet,Kidney,38,0
macrophage,droplet,Kidney,39,0
macrophage,droplet,Kidney,42,0
macrophage,droplet,Kidney,44,0
macrophage,droplet,Kidney,49,0
macrophage,droplet,Kidney,50,0
macrophage,droplet,Kidney,53,0
macrophage,droplet,Kidney,56,0
macrophage,droplet,Limb_Muscle,0,0
macrophage,droplet,Limb_Muscle,3,0
macrophage,droplet,Limb_Muscle,4,289
macrophage,droplet,Limb_Muscle,8,0
macrophage,droplet,Limb_Muscle,9,4
macrophage,droplet,Limb_Muscle,12,2
macrophage,droplet,Limb_Muscle,13,0
macrophage,droplet,Limb_Muscle,15,0
macrophage,droplet,Limb_Muscle,18,1
macrophage,droplet,Limb_Muscle,19,0
macrophage,droplet,Limb_Muscle,20,0
macrophage,droplet,Limb_Muscle,21,0
macrophage,droplet,Limb_Muscle,25,0
macrophage,droplet,Limb_Muscle,28,2
macrophage,droplet,Limb_Muscle,32,4
macrophage,droplet,Limb_Muscle,33,0
macrophage,droplet,Limb_Muscle,36,0
macrophage,droplet,Limb_Muscle,38,1
macrophage,droplet,Limb_Muscle,39,5
macrophage,droplet,Limb_Muscle,42,0
macrophage,droplet,Limb_Muscle,44,0
macrophage,droplet,Limb_Muscle,49,0
macrophage,droplet,Limb_Muscle,50,0
macrophage,droplet,Limb_Muscle,53,0
macrophage,droplet,Limb_Muscle,56,0
macrophage,droplet,Lung,0,0
macrophage,droplet,Lung,3,0
macrophage,droplet,Lung,4,0
macrophage,droplet,Lung,8,0
macrophage,droplet,Lung,9,0
macrophage,droplet,Lung,12,0
macrophage,droplet,Lung,13,0
macrophage,droplet,Lung,15,0
macrophage,droplet,Lung,18,0
macrophage,droplet,Lung,19,0
macrophage,droplet,Lung,20,0
macrophage,droplet,Lung,21,0
macrophage,droplet,Lung,25,0
macrophage,droplet,Lung,28,0
macrophage,droplet,Lung,32,0
macrophage,droplet,Lung,33,0
macrophage,droplet,Lung,36,0
macrophage,droplet,Lung,38,0
macrophage,droplet,Lung,39,0
macrophage,droplet,Lung,42,0
macrophage,droplet,Lung,44,0
macrophage,droplet,Lung,49,0
macrophage,droplet,Lung,50,0
macrophage,droplet,Lung,53,0
macrophage,droplet,Lung,56,0
macrophage,droplet,Mammary_Gland,0,0
macrophage,droplet,Mammary_Gland,3,0
macrophage,droplet,Mammary_Gland,4,172
macrophage,droplet,Mammary_Gland,8,0
macrophage,droplet,Mammary_Gland,9,1
macrophage,droplet,Mammary_Gland,12,1
macrophage,droplet,Mammary_Gland,13,0
macrophage,droplet,Mammary_Gland,15,0
macrophage,droplet,Mammary_Gland,18,0
macrophage,droplet,Mammary_Gland,19,0
macrophage,droplet,Mammary_Gland,20,0
macrophage,droplet,Mammary_Gland,21,0
macrophage,droplet,Mammary_Gland,25,0
macrophage,droplet,Mammary_Gland,28,10
macrophage,droplet,Mammary_Gland,32,2
macrophage,droplet,Mammary_Gland,33,0
macrophage,droplet,Mammary_Gland,36,0
macrophage,droplet,Mammary_Gland,38,0
macrophage,droplet,Mammary_Gland,39,0
macrophage,droplet,Mammary_Gland,42,0
macrophage,droplet,Mammary_Gland,44,0
macrophage,droplet,Mammary_Gland,49,0
macrophage,droplet,Mammary_Gland,50,0
macrophage,droplet,Mammary_Gland,53,0
macrophage,droplet,Mammary_Gland,56,0
macrophage,droplet,Marrow,0,0
macrophage,droplet,Marrow,3,0
macrophage,droplet,Marrow,4,0
macrophage,droplet,Marrow,8,0
macrophage,droplet,Marrow,9,0
macrophage,droplet,Marrow,12,0
macrophage,droplet,Marrow,13,0
macrophage,droplet,Marrow,15,0
macrophage,droplet,Marrow,18,0
macrophage,droplet,Marrow,19,11
macrophage,droplet,Marrow,20,0
macrophage,droplet,Marrow,21,0
macrophage,droplet,Marrow,25,2
macrophage,droplet,Marrow,28,210
macrophage,droplet,Marrow,32,0
macrophage,droplet,Marrow,33,0
macrophage,droplet,Marrow,36,0
macrophage,droplet,Marrow,38,0
macrophage,droplet,Marrow,39,0
macrophage,droplet,Marrow,42,0
macrophage,droplet,Marrow,44,0
macrophage,droplet,Marrow,49,0
macrophage,droplet,Marrow,50,0
macrophage,droplet,Marrow,53,0
macrophage,droplet,Marrow,56,0
macrophage,droplet,Spleen,0,20
macrophage,droplet,Spleen,3,2
macrophage,droplet,Spleen,4,305
macrophage,droplet,Spleen,8,0
macrophage,droplet,Spleen,9,0
macrophage,droplet,Spleen,12,0
macrophage,droplet,Spleen,13,0
macrophage,droplet,Spleen,15,1
macrophage,droplet,Spleen,18,0
macrophage,droplet,Spleen,19,6
macrophage,droplet,Spleen,20,1
macrophage,droplet,Spleen,21,0
macrophage,droplet,Spleen,25,4
macrophage,droplet,Spleen,28,0
macrophage,droplet,Spleen,32,111
macrophage,droplet,Spleen,33,0
macrophage,droplet,Spleen,36,0
macrophage,droplet,Spleen,38,9
macrophage,droplet,Spleen,39,0
macrophage,droplet,Spleen,42,0
macrophage,droplet,Spleen,44,0
macrophage,droplet,Spleen,49,0
macrophage,droplet,Spleen,50,0
macrophage,droplet,Spleen,53,5
macrophage,droplet,Spleen,56,0
macrophage,droplet,Thymus,0,0
macrophage,droplet,Thymus,3,0
macrophage,droplet,Thymus,4,0
macrophage,droplet,Thymus,8,0
macrophage,droplet,Thymus,9,0
macrophage,droplet,Thymus,12,0
macrophage,droplet,Thymus,13,0
macrophage,droplet,Thymus,15,0
macrophage,droplet,Thymus,18,0
macrophage,droplet,Thymus,19,0
macrophage,droplet,Thymus,20,0
macrophage,droplet,Thymus,21,0
macrophage,droplet,Thymus,25,0
macrophage,droplet,Thymus,28,0
macrophage,droplet,Thymus,32,0
macrophage,droplet,Thymus,33,0
macrophage,droplet,Thymus,36,0
macrophage,droplet,Thymus,38,0
macrophage,droplet,Thymus,39,0
macrophage,droplet,Thymus,42,0
macrophage,droplet,Thymus,44,0
macrophage,droplet,Thymus,49,0
macrophage,droplet,Thymus,50,0
macrophage,droplet,Thymus,53,0
macrophage,droplet,Thymus,56,0
mast cell,FACS,Kidney,0,0
mast cell,FACS,Kidney,3,0
mast cell,FACS,Kidney,4,0
mast cell,FACS,Kidney,8,0
mast cell,FACS,Kidney,9,0
mast cell,FACS,Kidney,12,0
mast cell,FACS,Kidney,13,0
mast cell,FACS,Kidney,15,0
mast cell,FACS,Kidney,18,0
mast cell,FACS,Kidney,19,0
mast cell,FACS,Kidney,20,0
mast cell,FACS,Kidney,21,0
mast cell,FACS,Kidney,25,0
mast cell,FACS,Kidney,28,0
mast cell,FACS,Kidney,32,0
mast cell,FACS,Kidney,33,0
mast cell,FACS,Kidney,36,0
mast cell,FACS,Kidney,38,0
mast cell,FACS,Kidney,39,0
mast cell,FACS,Kidney,42,0
mast cell,FACS,Kidney,44,0
mast cell,FACS,Kidney,49,0
mast cell,FACS,Kidney,50,0
mast cell,FACS,Kidney,53,0
mast cell,FACS,Kidney,56,0
mast cell,FACS,Limb_Muscle,0,0
mast cell,FACS,Limb_Muscle,3,0
mast cell,FACS,Limb_Muscle,4,0
mast cell,FACS,Limb_Muscle,8,0
mast cell,FACS,Limb_Muscle,9,0
mast cell,FACS,Limb_Muscle,12,0
mast cell,FACS,Limb_Muscle,13,0
mast cell,FACS,Limb_Muscle,15,0
mast cell,FACS,Limb_Muscle,18,0
mast cell,FACS,Limb_Muscle,19,0
mast cell,FACS,Limb_Muscle,20,0
mast cell,FACS,Limb_Muscle,21,0
mast cell,FACS,Limb_Muscle,25,0
mast cell,FACS,Limb_Muscle,28,0
mast cell,FACS,Limb_Muscle,32,0
mast cell,FACS,Limb_Muscle,33,0
mast cell,FACS,Limb_Muscle,36,0
mast cell,FACS,Limb_Muscle,38,0
mast cell,FACS,Limb_Muscle,39,0
mast cell,FACS,Limb_Muscle,42,0
mast cell,FACS,Limb_Muscle,44,0
mast cell,FACS,Limb_Muscle,49,0
mast cell,FACS,Limb_Muscle,50,0
mast cell,FACS,Limb_Muscle,53,0
mast cell,FACS,Limb_Muscle,56,0
mast cell,FACS,Lung,0,0
mast cell,FACS,Lung,3,0
mast cell,FACS,Lung,4,0
mast cell,FACS,Lung,8,0
mast cell,FACS,Lung,9,0
mast cell,FACS,Lung,12,0
mast cell,FACS,Lung,13,0
mast cell,FACS,Lung,15,0
mast cell,FACS,Lung,18,0
mast cell,FACS,Lung,19,0
mast cell,FACS,Lung,20,0
mast cell,FACS,Lung,21,0
mast cell,FACS,Lung,25,0
mast cell,FACS,Lung,28,0
mast cell,FACS,Lung,32,0
mast cell,FACS,Lung,33,0
mast cell,FACS,Lung,36,0
mast cell,FACS,Lung,38,0
mast cell,FACS,Lung,39,0
mast cell,FACS,Lung,42,0
mast cell,FACS,Lung,44,0
mast cell,FACS,Lung,49,0
mast cell,FACS,Lung,50,0
mast cell,FACS,Lung,53,0
mast cell,FACS,Lung,56,0
mast cell,FACS,Mammary_Gland,0,0
mast cell,FACS,Mammary_Gland,3,0
mast cell,FACS,Mammary_Gland,4,0
mast cell,FACS,Mammary_Gland,8,0
mast cell,FACS,Mammary_Gland,9,0
mast cell,FACS,Mammary_Gland,12,0
mast cell,FACS,Mammary_Gland,13,0
mast cell,FACS,Mammary_Gland,15,0
mast cell,FACS,Mammary_Gland,18,0
mast cell,FACS,Mammary_Gland,19,0
mast cell,FACS,Mammary_Gland,20,0
mast cell,FACS,Mammary_Gland,21,0
mast cell,FACS,Mammary_Gland,25,0
mast cell,FACS,Mammary_Gland,28,0
mast cell,FACS,Mammary_Gland,32,0
mast cell,FACS,Mammary_Gland,33,0
mast cell,FACS,Mammary_Gland,36,0
mast cell,FACS,Mammary_Gland,38,0
mast cell,FACS,Mammary_Gland,39,0
mast cell,FACS,Mammary_Gland,42,0
mast cell,FACS,Mammary_Gland,44,0
mast cell,FACS,Mammary_Gland,49,0
mast cell,FACS,Mammary_Gland,50,0
mast cell,FACS,Mammary_Gland,53,0
mast cell,FACS,Mammary_Gland,56,0
mast cell,FACS,Marrow,0,0
mast cell,FACS,Marrow,3,0
mast cell,FACS,Marrow,4,0
mast cell,FACS,Marrow,8,0
mast cell,FACS,Marrow,9,0
mast cell,FACS,Marrow,12,0
mast cell,FACS,Marrow,13,0
mast cell,FACS,Marrow,15,0
mast cell,FACS,Marrow,18,0
mast cell,FACS,Marrow,19,0
mast cell,FACS,Marrow,20,0
mast cell,FACS,Marrow,21,0
mast cell,FACS,Marrow,25,0
mast cell,FACS,Marrow,28,0
mast cell,FACS,Marrow,32,0
mast cell,FACS,Marrow,33,0
mast cell,FACS,Marrow,36,0
mast cell,FACS,Marrow,38,0
mast cell,FACS,Marrow,39,0
mast cell,FACS,Marrow,42,0
mast cell,FACS,Marrow,44,0
mast cell,FACS,Marrow,49,0
mast cell,FACS,Marrow,50,0
mast cell,FACS,Marrow,53,0
mast cell,FACS,Marrow,56,0
mast cell,FACS,Spleen,0,0
mast cell,FACS,Spleen,3,0
mast cell,FACS,Spleen,4,0
mast cell,FACS,Spleen,8,0
mast cell,FACS,Spleen,9,0
mast cell,FACS,Spleen,12,0
mast cell,FACS,Spleen,13,0
mast cell,FACS,Spleen,15,0
mast cell,FACS,Spleen,18,0
mast cell,FACS,Spleen,19,0
mast cell,FACS,Spleen,20,0
mast cell,FACS,Spleen,21,0
mast cell,FACS,Spleen,25,0
mast cell,FACS,Spleen,28,0
mast cell,FACS,Spleen,32,0
mast cell,FACS,Spleen,33,0
mast cell,FACS,Spleen,36,0
mast cell,FACS,Spleen,38,0
mast cell,FACS,Spleen,39,0
mast cell,FACS,Spleen,42,0
mast cell,FACS,Spleen,44,0
mast cell,FACS,Spleen,49,0
mast cell,FACS,Spleen,50,0
mast cell,FACS,Spleen,53,0
mast cell,FACS,Spleen,56,0
mast cell,FACS,Thymus,0,0
mast cell,FACS,Thymus,3,0
mast cell,FACS,Thymus,4,0
mast cell,FACS,Thymus,8,0
mast cell,FACS,Thymus,9,0
mast cell,FACS,Thymus,12,0
mast cell,FACS,Thymus,13,0
mast cell,FACS,Thymus,15,0
mast cell,FACS,Thymus,18,0
mast cell,FACS,Thymus,19,0
mast cell,FACS,Thymus,20,0
mast cell,FACS,Thymus,21,0
mast cell,FACS,Thymus,25,0
mast cell,FACS,Thymus,28,0
mast cell,FACS,Thymus,32,0
mast cell,FACS,Thymus,33,0
mast cell,FACS,Thymus,36,0
mast cell,FACS,Thymus,38,0
mast cell,FACS,Thymus,39,0
mast cell,FACS,Thymus,42,0
mast cell,FACS,Thymus,44,0
mast cell,FACS,Thymus,49,0
mast cell,FACS,Thymus,50,0
mast cell,FACS,Thymus,53,0
mast cell,FACS,Thymus,56,0
mast cell,droplet,Kidney,0,0
mast cell,droplet,Kidney,3,0
mast cell,droplet,Kidney,4,0
mast cell,droplet,Kidney,8,0
mast cell,droplet,Kidney,9,0
mast cell,droplet,Kidney,12,0
mast cell,droplet,Kidney,13,0
mast cell,droplet,Kidney,15,0
mast cell,droplet,Kidney,18,0
mast cell,droplet,Kidney,19,0
mast cell,droplet,Kidney,20,0
mast cell,droplet,Kidney,21,0
mast cell,droplet,Kidney,25,0
mast cell,droplet,Kidney,28,0
mast cell,droplet,Kidney,32,0
mast cell,droplet,Kidney,33,0
mast cell,droplet,Kidney,36,0
mast cell,droplet,Kidney,38,0
mast cell,droplet,Kidney,39,0
mast cell,droplet,Kidney,42,0
mast cell,droplet,Kidney,44,0
mast cell,droplet,Kidney,49,0
mast cell,droplet,Kidney,50,0
mast cell,droplet,Kidney,53,0
mast cell,droplet,Kidney,56,0
mast cell,droplet,Limb_Muscle,0,0
mast cell,droplet,Limb_Muscle,3,0
mast cell,droplet,Limb_Muscle,4,0
mast cell,droplet,Limb_Muscle,8,0
mast cell,droplet,Limb_Muscle,9,0
mast cell,droplet,Limb_Muscle,12,0
mast cell,droplet,Limb_Muscle,13,0
mast cell,droplet,Limb_Muscle,15,0
mast cell,droplet,Limb_Muscle,18,0
mast cell,droplet,Limb_Muscle,19,0
mast cell,droplet,Limb_Muscle,20,0
mast cell,droplet,Limb_Muscle,21,0
mast cell,droplet,Limb_Muscle,25,0
mast cell,droplet,Limb_Muscle,28,0
mast cell,droplet,Limb_Muscle,32,0
mast cell,droplet,Limb_Muscle,33,0
mast cell,droplet,Limb_Muscle,36,0
mast cell,droplet,Limb_Muscle,38,0
mast cell,droplet,Limb_Muscle,39,0
mast cell,droplet,Limb_Muscle,42,0
mast cell,droplet,Limb_Muscle,44,0
mast cell,droplet,Limb_Muscle,49,0
mast cell,droplet,Limb_Muscle,50,0
mast cell,droplet,Limb_Muscle,53,0
mast cell,droplet,Limb_Muscle,56,0
mast cell,droplet,Lung,0,0
mast cell,droplet,Lung,3,0
mast cell,droplet,Lung,4,0
mast cell,droplet,Lung,8,0
mast cell,droplet,Lung,9,0
mast cell,droplet,Lung,12,0
mast cell,droplet,Lung,13,0
mast cell,droplet,Lung,15,0
mast cell,droplet,Lung,18,0
mast cell,droplet,Lung,19,0
mast cell,droplet,Lung,20,0
mast cell,droplet,Lung,21,0
mast cell,droplet,Lung,25,0
mast cell,droplet,Lung,28,0
mast cell,droplet,Lung,32,0
mast cell,droplet,Lung,33,0
mast cell,droplet,Lung,36,0
mast cell,droplet,Lung,38,0
mast cell,droplet,Lung,39,0
mast cell,droplet,Lung,42,0
mast cell,droplet,Lung,44,0
mast cell,droplet,Lung,49,0
mast cell,droplet,Lung,50,2
mast cell,droplet,Lung,53,22
mast cell,droplet,Lung,56,0
mast cell,droplet,Mammary_Gland,0,0
mast cell,droplet,Mammary_Gland,3,0
mast cell,droplet,Mammary_Gland,4,0
mast cell,droplet,Mammary_Gland,8,0
mast cell,droplet,Mammary_Gland,9,0
mast cell,droplet,Mammary_Gland,12,0
mast cell,droplet,Mammary_Gland,13,0
mast cell,droplet,Mammary_Gland,15,0
mast cell,droplet,Mammary_Gland,18,0
mast cell,droplet,Mammary_Gland,19,0
mast cell,droplet,Mammary_Gland,20,0
mast cell,droplet,Mammary_Gland,21,0
mast cell,droplet,Mammary_Gland,25,0
mast cell,droplet,Mammary_Gland,28,0
mast cell,droplet,Mammary_Gland,32,0
mast cell,droplet,Mammary_Gland,33,0
mast cell,droplet,Mammary_Gland,36,0
mast cell,droplet,Mammary_Gland,38,0
mast cell,droplet,Mammary_Gland,39,0
mast cell,droplet,Mammary_Gland,42,0
mast cell,droplet,Mammary_Gland,44,0
mast cell,droplet,Mammary_Gland,49,0
mast cell,droplet,Mammary_Gland,50,0
mast cell,droplet,Mammary_Gland,53,0
mast cell,droplet,Mammary_Gland,56,0
mast cell,droplet,Marrow,0,0
mast cell,droplet,Marrow,3,0
mast cell,droplet,Marrow,4,0
mast cell,droplet,Marrow,8,0
mast cell,droplet,Marrow,9,0
mast cell,droplet,Marrow,12,0
mast cell,droplet,Marrow,13,0
mast cell,droplet,Marrow,15,0
mast cell,droplet,Marrow,18,0
mast cell,droplet,Marrow,19,0
mast cell,droplet,Marrow,20,0
mast cell,droplet,Marrow,21,0
mast cell,droplet,Marrow,25,0
mast cell,droplet,Marrow,28,0
mast cell,droplet,Marrow,32,0
mast cell,droplet,Marrow,33,0
mast cell,droplet,Marrow,36,0
mast cell,droplet,Marrow,38,0
mast cell,droplet,Marrow,39,0
mast cell,droplet,Marrow,42,0
mast cell,droplet,Marrow,44,0
mast cell,droplet,Marrow,49,0
mast cell,droplet,Marrow,50,0
mast cell,droplet,Marrow,53,0
mast cell,droplet,Marrow,56,0
mast cell,droplet,Spleen,0,0
mast cell,droplet,Spleen,3,0
mast cell,droplet,Spleen,4,0
mast cell,droplet,Spleen,8,0
mast cell,droplet,Spleen,9,0
mast cell,droplet,Spleen,12,0
mast cell,droplet,Spleen,13,0
mast cell,droplet,Spleen,15,0
mast cell,droplet,Spleen,18,0
mast cell,droplet,Spleen,19,0
mast cell,droplet,Spleen,20,0
mast cell,droplet,Spleen,21,0
mast cell,droplet,Spleen,25,0
mast cell,droplet,Spleen,28,0
mast cell,droplet,Spleen,32,0
mast cell,droplet,Spleen,33,0
mast cell,droplet,Spleen,36,0
mast cell,droplet,Spleen,38,0
mast cell,droplet,Spleen,39,0
mast cell,droplet,Spleen,42,0
mast cell,droplet,Spleen,44,0
mast cell,droplet,Spleen,49,0
mast cell,droplet,Spleen,50,0
mast cell,droplet,Spleen,53,0
mast cell,droplet,Spleen,56,0
mast cell,droplet,Thymus,0,0
mast cell,droplet,Thymus,3,0
mast cell,droplet,Thymus,4,0
mast cell,droplet,Thymus,8,0
mast cell,droplet,Thymus,9,0
mast cell,droplet,Thymus,12,0
mast cell,droplet,Thymus,13,0
mast cell,droplet,Thymus,15,0
mast cell,droplet,Thymus,18,0
mast cell,droplet,Thymus,19,0
mast cell,droplet,Thymus,20,0
mast cell,droplet,Thymus,21,0
mast cell,droplet,Thymus,25,0
mast cell,droplet,Thymus,28,0
mast cell,droplet,Thymus,32,0
mast cell,droplet,Thymus,33,0
mast cell,droplet,Thymus,36,0
mast cell,droplet,Thymus,38,0
mast cell,droplet,Thymus,39,0
mast cell,droplet,Thymus,42,0
mast cell,droplet,Thymus,44,0
mast cell,droplet,Thymus,49,0
mast cell,droplet,Thymus,50,0
mast cell,droplet,Thymus,53,0
mast cell,droplet,Thymus,56,0
